PI_finger,PI_toe,PI_ratio,PTT_ft,AI_finger,AI_toe,HRV_rmssd,dicrotic_ratio,label,subject_id
18.902786981669088,15.303562684147924,0.8095929292854276,117.27272727272727,0.0,7.397410970920336,9.428090415820634,0.07397410970920336,0,subj01
18.59519572054134,15.496055426127331,0.8333365057840979,119.0,0.0,0.0,6.666666666666667,0.0,0,subj01
18.988801761271837,15.025774316471011,0.7912966023541557,119.54545454545455,6.56396204447374,7.852451858361983,8.333333333333334,0.07852451858361983,0,subj01
18.359952811190038,15.670828396594,0.8535331521681762,117.1,0.0,0.0,10.413666234542205,0.0,0,subj01
18.831400396742406,14.920375558094632,0.7923136486798755,116.9090909090909,8.058851281785222,0.0,13.74772708486752,0.0,0,subj01
19.42097138038559,15.044578787666858,0.774656349211311,118.0,0.0,0.0,3.0618621784789726,0.0,0,subj01
19.395470097865235,16.589384798919365,0.8553226457112415,105.0,0.0,0.0,2.886751345948129,0.0,0,subj02
18.493278272712896,15.7864511553064,0.8536318397695632,104.54545454545455,0.0,0.0,5.773502691896258,0.0,0,subj02
18.97244721898554,16.78329730083346,0.8846142570389434,104.0909090909091,0.0,0.0,5.0,0.0,0,subj02
18.460112328452876,15.832317937439308,0.8576501407868843,104.54545454545455,0.0,0.0,10.801234497346433,0.0,0,subj02
18.631720692316346,16.862355668532857,0.9050348031186851,104.18181818181819,0.0,0.0,5.011098792790969,0.0,0,subj02
18.373781496227725,15.761933215135379,0.8578491704808519,104.0909090909091,7.819261351916035,0.0,12.133516482134198,0.0,0,subj02
18.287386536635022,16.578162756341744,0.9065353719696798,104.0909090909091,0.0,0.0,5.773502691896258,0.0,0,subj02
18.235905789691216,5.120841919364335,0.2808109439926562,258.0,0.0,0.0,4.08248290463863,0.0,2,subj03
18.274833797764725,4.888647282614744,0.2675070721142589,255.5,7.823100096388615,0.0,7.0710678118654755,0.0,2,subj03
18.67758531916387,4.6440079474503175,0.24864070317940934,263.5,0.0,0.0,5.303300858899107,0.0,2,subj03
19.580580176843522,4.796028405053587,0.24493801316089134,266.5,0.0,8.92750260217117,7.0710678118654755,0.0892750260217117,2,subj03
18.797503766420995,4.966483456143343,0.2642097332633731,265.0,0.0,0.0,10.274023338281628,0.0,2,subj03
17.995568173473075,5.075070463682165,0.28201779542383276,260.0,0.0,0.0,6.666666666666667,0.0,2,subj03
18.333034116709996,4.867741200613546,0.2655174898832894,253.0,8.352723156653179,0.0,10.307764064044152,0.0,2,subj03
18.876649083238384,4.5978334055319685,0.24357254220584298,256.5,0.0,0.0,9.013878188659973,0.0,2,subj03
19.61593137257595,4.814550319688265,0.24544082196470396,261.1,0.0,7.1726070494308045,6.90108687092113,0.07172607049430804,2,subj03
18.859024171865663,9.169592431198858,0.48621775695469294,186.5,0.0,8.047566709204029,10.752906583803284,0.08047566709204028,1,subj04
18.84010249015883,9.177478718502236,0.4871246705423239,186.0,0.0,7.525120286159198,14.469796128487781,0.07525120286159198,1,subj04
18.844811225879116,9.163405459738334,0.4862561556018377,186.0,0.0,7.178554018183834,11.180339887498949,0.07178554018183834,1,subj04
18.80141737330274,9.165626888549507,0.48749659169655635,187.5,7.444269862234454,0.0,12.747548783981962,0.0,1,subj04
18.67668567635914,9.145725262412242,0.4896867367634108,185.0,7.981578220546334,0.0,10.606601717798213,0.0,1,subj04
18.626893228572126,9.132530514700694,0.49028737120220034,184.0,8.235876531059134,0.0,12.119199643540822,0.0,1,subj04
18.52878782608817,9.156647782702688,0.4941849336636209,186.0,8.115934381722806,0.0,11.319231422671772,0.0,1,subj04
18.463288351195015,9.192571599027751,0.49788376935751927,185.1,0.0,0.0,12.046783803156758,0.0,1,subj04
18.085732722042895,3.8777401493016046,0.21440879442918087,258.3333333333333,0.0,0.0,9.013878188659973,0.0,2,subj05
19.519819949428875,3.6186678246989694,0.18538428295312462,265.55555555555554,0.0,15.450627920976066,5.3452248382484875,0.15450627920976062,2,subj05
18.171683411201464,3.5698966182768963,0.19645381979725257,262.77777777777777,8.940005979854604,3.805296187583914,11.952286093343936,0.038052961875839134,2,subj05
18.077869768008387,3.881096982884963,0.21468773880389216,263.3333333333333,0.0,0.0,6.614378277661476,0.0,2,subj05
19.45387234617976,3.643030178179637,0.18726503974901604,263.8888888888889,0.0,5.009653508610615,5.976143046671968,0.050096535086106155,2,subj05
18.153659196695344,3.5870085264920153,0.19759148762388287,260.55555555555554,8.552944876633095,4.4132636642891825,13.758114488755872,0.044132636642891826,2,subj05
18.152457684982277,3.8397717948740433,0.21152903157850234,266.1111111111111,0.0,0.0,9.354143466934854,0.0,2,subj05
19.446146487852705,3.606219500957885,0.18544648438242292,263.3333333333333,0.0,8.146835950877692,5.669467095138408,0.08146835950877691,2,subj05
18.206545738324326,3.6147111107446404,0.19853909482322962,263.3333333333333,7.746912363470795,0.0,13.228756555322953,0.0,2,subj05
18.018196586871625,4.946016968522618,0.2745012212890591,272.22222222222223,0.0,0.0,7.5,0.0,2,subj06
19.21663425635596,4.698186484929709,0.24448539854869586,271.6666666666667,0.0,8.038097252348535,7.319250547113999,0.08038097252348536,2,subj06
18.32826036302323,4.670382612357194,0.2548186527172849,263.3333333333333,6.474746118439599,0.0,9.44911182523068,0.0,2,subj06
18.178773740825296,4.808419202384863,0.2645073463666184,270.0,0.0,0.0,15.90990257669732,0.0,2,subj06
18.708234585465757,4.652914103479156,0.2487094162852736,271.6666666666667,0.0,5.9372999110885765,7.559289460184544,0.059372999110885755,2,subj06
18.389195810216577,4.998518894613226,0.2718182429617816,270.0,0.0,0.0,5.0,0.0,2,subj06
19.7207406458492,4.725711602487177,0.23963154768641204,270.55555555555554,0.0,6.675473683483421,8.451542547285166,0.06675473683483421,2,subj06
18.36202078231503,4.402988731412079,0.23978780895688337,269.55555555555554,0.0,0.0,16.457738084473906,0.0,2,subj06
18.319183342704285,5.0547730013449,0.2759278569782965,270.625,0.0,0.0,16.690459207925603,0.0,2,subj06
18.280023338425412,7.632813406492129,0.417549434439048,189.58333333333334,6.857175305928649,0.0,10.954451150103322,0.0,1,subj07
19.039195653319275,7.810495052556868,0.41023240659828997,194.0909090909091,0.0,0.0,6.519202405202649,0.0,1,subj07
18.637490466625465,7.96955104867509,0.42760859156152636,190.9090909090909,0.0,0.0,7.245688373094719,0.0,1,subj07
19.627993963869546,7.5782156450393625,0.3860922139567115,191.36363636363637,0.0,0.0,3.3333333333333335,0.0,1,subj07
19.282580099593392,7.4373548396801725,0.38570330325437113,191.36363636363637,0.0,7.236133205693903,5.0,0.07236133205693902,1,subj07
17.51702224207534,7.710600629797174,0.44017758973192106,186.66666666666666,7.23963256789542,0.0,10.124228365658293,0.0,1,subj07
18.875474834636126,7.520167348375326,0.39840943945823104,192.08333333333334,0.0,0.0,11.40175425099138,0.0,1,subj07
18.27102326469757,5.97256044725601,0.3268870254681311,288.0,0.0,0.0,7.453559924999299,0.0,2,subj08
18.842635594617477,5.8105670091385475,0.30837336846860075,288.5,0.0,0.0,5.863019699779287,0.0,2,subj08
19.468194510637048,5.791610869648115,0.2974909083882273,285.0,0.0,0.0,5.5901699437494745,0.0,2,subj08
19.01972579636242,6.153686304405371,0.3235423249678122,288.5,0.0,0.0,7.637626158259733,0.0,2,subj08
18.31387395759375,5.896465517692437,0.32196713438925356,284.0,8.564198050911429,0.0,11.59202311936963,0.0,2,subj08
19.523386093562507,5.576242863770785,0.2856186338295821,284.5,0.0,6.264675339059465,6.123724356957945,0.06264675339059465,2,subj08
18.704532773505314,6.039501623306686,0.32288973461350223,286.0,0.0,0.0,7.453559924999299,0.0,2,subj08
18.219568102275534,15.339554435666566,0.8419274457856513,111.81818181818181,7.769218205741169,0.0,8.975274678557506,0.0,0,subj09
19.593124255173137,15.331185950500556,0.7824778606430105,114.0,0.0,0.0,6.614378277661476,0.0,0,subj09
18.732409900507644,14.742597638961378,0.7870101987551456,112.72727272727273,0.0,0.0,6.236095644623235,0.0,0,subj09
17.92474272058273,15.172844309151612,0.8464748725084265,110.9090909090909,7.4094787743650805,6.375772750357027,9.860132971832694,0.06375772750357027,0,subj09
19.599559198498515,15.56996628340947,0.7944039009102947,113.5,0.0,0.0,3.0618621784789726,0.0,0,subj09
18.868889543874364,14.909880677073541,0.7901832613098272,112.27272727272727,0.0,0.0,3.7267799624996494,0.0,0,subj09
17.617801955360036,14.977515243151112,0.8501352938976792,109.54545454545455,6.80188247699384,7.186179773956877,11.902380714238083,0.07186179773956879,0,subj09
19.40247592020156,15.679648686578831,0.8081261768377417,113.0,0.0,0.0,10.606601717798213,0.0,0,subj09
18.886037520491076,14.931655552526626,0.7906187592990852,113.63636363636364,0.0,0.0,9.428090415820634,0.0,0,subj09
17.612567736876084,13.503657074575482,0.7667057567252035,115.625,0.0,0.0,18.612591743993406,0.0,0,subj10
17.050459168603915,12.318594541515903,0.7224787567128343,114.44444444444444,0.0,0.0,11.807987611298184,0.0,0,subj10
18.07450625580201,11.763969943218209,0.650859823041745,117.5,0.0,0.0,10.0,0.0,0,subj10
16.85119485416433,12.589557910355065,0.7471017942234456,116.875,7.103290450539099,0.0,257.0575255240963,0.0,0,subj10
16.93549936179494,11.743678614578991,0.6934356267682158,121.11111111111111,7.474416140935523,6.739033314860712,259.02288922575383,0.06739033314860712,0,subj10
18.647708615529325,11.830339101175683,0.6344124817203378,118.75,0.0,7.573303278484207,2.886751345948129,0.07573303278484207,0,subj10
19.363736541166684,12.990901899941743,0.6708881765832488,118.75,0.0,0.0,10.801234497346433,0.0,0,subj10
19.359015031280013,13.47430549484925,0.6960222652380643,120.75,0.0,0.0,10.731573354670166,0.0,0,subj10
19.361854127456795,14.714723604328139,0.7599852528307907,121.81818181818181,0.0,0.0,6.871842709362768,0.0,0,subj11
18.548410529174557,14.123443897239344,0.7614368829622765,121.81818181818181,0.0,0.0,4.409585518440984,0.0,0,subj11
19.264680082480293,14.823565103434108,0.7694685320476705,120.45454545454545,0.0,0.0,7.817359599705716,0.0,0,subj11
18.60241911457284,14.130571700447604,0.7596093612028093,122.18181818181819,0.0,0.0,6.009252125773315,0.0,0,subj11
19.08427542376955,14.881556531264376,0.7797810606280252,119.0909090909091,0.0,0.0,9.7182531580755,0.0,0,subj11
18.363848991973832,14.162708140216285,0.7712276520247083,121.36363636363636,0.0,0.0,5.270462766947299,0.0,0,subj11
18.86091507976054,15.002823512603747,0.7954451546575875,121.36363636363636,0.0,0.0,3.7267799624996494,0.0,0,subj11
17.70166002601368,16.247383997600956,0.9178452175515982,101.875,0.0,0.0,19.364916731037084,0.0,0,subj12
18.118116158535653,14.739914010883176,0.8135456182037465,106.875,0.0,0.0,10.206207261596576,0.0,0,subj12
17.933845510818703,15.39308737017762,0.8583260829860302,106.25,9.074559028809638,0.0,10.9924216318941,0.0,0,subj12
18.176552400988513,14.40551891976877,0.7925330723875526,106.25,7.629788054182544,8.071239502229249,15.275252316519467,0.0807123950222925,0,subj12
19.131569974006815,15.660002677748466,0.8185424771215845,108.125,0.0,0.0,14.719601443879744,0.0,0,subj12
19.386325707107265,16.30551589868116,0.8410833566416023,108.125,0.0,0.0,9.789450103725608,0.0,0,subj12
17.891371236925536,16.310609031191444,0.9116466711913284,103.125,0.0,0.0,17.008401285415225,0.0,0,subj12
18.096943730318817,10.066042687123902,0.5562288769379163,226.66666666666666,0.0,0.0,8.100925873009825,0.0,1,subj13
19.493566598617416,9.525302193477273,0.48863824612540924,227.22222222222223,0.0,0.0,5.3452248382484875,0.0,1,subj13
18.301407872562233,8.903119564908131,0.486471840139459,225.55555555555554,8.00038653917579,0.0,6.267831705280087,0.0,1,subj13
17.48662241438027,9.542654701435398,0.5457117146641146,220.0,0.0,0.0,8.100925873009825,0.0,1,subj13
19.532278022922224,9.753325348006184,0.4993439749608371,224.55555555555554,0.0,0.0,9.680613912055666,0.0,1,subj13
18.76516170924561,9.382982968331142,0.5000214287366433,224.44444444444446,0.0,7.36704238445943,5.976143046671968,0.0736704238445943,1,subj13
19.14136402065774,9.977174657969258,0.5212363469605245,175.55555555555554,0.0,0.0,13.758114488755872,0.0,1,subj14
18.185944715596527,9.50700202949367,0.5227664648809983,176.77777777777777,7.417098881620587,0.0,6.447590912226719,0.0,1,subj14
18.127622969066216,10.20415435918598,0.5629063654180586,175.55555555555554,0.0,0.0,8.451542547285166,0.0,1,subj14
18.248077400029278,9.541905980880031,0.5228992496965583,178.33333333333334,8.376258736152591,0.0,11.952286093343936,0.0,1,subj14
18.06488851994165,10.083813055254684,0.5581995728411644,182.5,0.0,0.0,20.0,0.0,1,subj14
18.398781317573267,9.51042771905309,0.5169053077428218,184.44444444444446,7.6714588782630795,6.847790172101523,9.258200997725515,0.06847790172101524,1,subj14
18.30681522166203,9.739971036430545,0.5320407137176685,178.125,0.0,0.0,9.063269671749657,0.0,1,subj14
19.09061288192403,9.493860109859481,0.49730515036784145,182.22222222222223,0.0,8.246811358912883,10.0,0.08246811358912881,1,subj14
18.3055705663254,8.537262609616343,0.46637511672656295,188.63636363636363,0.0,0.0,11.30388330520878,0.0,1,subj15
18.99216177898296,8.159401624170396,0.42961942506196027,193.0,0.0,7.542272170392241,5.5901699437494745,0.07542272170392242,1,subj15
19.21732343135976,8.723580304888442,0.45394356482822584,193.0,0.0,0.0,3.952847075210474,0.0,1,subj15
18.91865602129015,8.418315404642748,0.44497428333012545,190.45454545454547,0.0,0.0,10.540925533894598,0.0,1,subj15
18.478910695333727,8.584129221429789,0.46453653913687903,190.0,0.0,0.0,15.811388300841896,0.0,1,subj15
19.597575331396243,8.493931257065443,0.43341745667168136,190.0,0.0,0.0,11.319231422671772,0.0,1,subj15
18.869339740082054,8.87052653318231,0.47010264563415705,193.5,0.0,0.0,8.660254037844387,0.0,1,subj15
17.55405901109107,8.707926108341452,0.49606339495837276,188.63636363636363,7.449081919908159,0.0,10.92906420717,0.0,1,subj15
19.473619361405913,7.9398251505330375,0.4077221087246216,194.0,0.0,7.786431197836427,2.5,0.07786431197836427,1,subj15
18.593470036342506,8.844929906290213,0.4757008718115581,192.5,0.0,0.0,9.574271077563381,0.0,1,subj15
17.946598834915818,10.47978742218195,0.5839428138212522,187.5,8.317443134206705,0.0,8.660254037844387,0.0,1,subj16
18.775335543847515,10.347032486475028,0.5510970742605793,191.0,0.0,0.0,11.039701082909808,0.0,1,subj16
18.588459469734758,10.820072777629015,0.582085502849011,195.0,0.0,0.0,9.185586535436919,0.0,1,subj16
18.301220254299714,10.919554867588545,0.5966572018618862,195.0,0.0,0.0,8.838834764831844,0.0,1,subj16
19.434142612384804,10.556555772355942,0.5431963726369159,192.22222222222223,0.0,0.0,4.6291004988627575,0.0,1,subj16
19.416195674395986,10.040163959299317,0.5171025327345262,190.55555555555554,0.0,7.967632779035114,3.779644730092272,0.07967632779035114,1,subj16
17.5748326786825,10.562910425402091,0.601024807377793,188.0,0.0,0.0,9.354143466934854,0.0,1,subj16
18.423443284280776,11.123053037142713,0.6037445262272503,198.63636363636363,0.0,0.0,6.708203932499369,0.0,1,subj17
19.554732563663844,10.34511902371765,0.5290340325564316,200.0,0.0,8.515015068842613,4.409585518440984,0.08515015068842614,1,subj17
18.479750306104506,10.21157483139741,0.5525818618893444,197.72727272727272,7.209165816072263,0.0,9.574271077563381,0.0,1,subj17
18.54906857144922,10.945085235325292,0.5900611770971617,200.45454545454547,0.0,0.0,7.905694150420948,0.0,1,subj17
19.311604820420968,10.269000902759544,0.5317528500738911,202.27272727272728,0.0,7.903534906594405,5.527707983925667,0.07903534906594406,1,subj17
18.45578855333537,10.270373722941022,0.5564852291876164,199.0909090909091,0.0,0.0,6.454972243679028,0.0,1,subj17
18.725521473378244,10.843914051040937,0.5790981077059747,200.45454545454547,0.0,0.0,8.94427190999916,0.0,1,subj17
19.09304896222829,10.326416678279376,0.540846917572363,200.9090909090909,0.0,0.0,5.0,0.0,1,subj17
18.149579078697343,16.20909174346373,0.8930836177070787,119.5,0.0,7.640155753107715,9.013878188659973,0.07640155753107715,0,subj18
18.65178285751498,16.128406923140016,0.8647112743241984,121.5,7.787326897877973,0.0,16.77050983124842,0.0,0,subj18
18.644736718795865,15.953572648993944,0.8556609240242613,122.0,0.0,0.0,10.155048005794951,0.0,0,subj18
18.41998176129025,15.833181394019489,0.8595655304769659,123.0,0.0,0.0,5.303300858899107,0.0,0,subj18
18.274599258418746,16.76841138576968,0.9175802516186398,122.77777777777777,0.0,0.0,9.519716382329886,0.0,0,subj18
19.302716947337338,16.87227481697091,0.8740880811236427,120.55555555555556,0.0,0.0,6.267831705280087,0.0,0,subj18
19.602120424517214,15.467575372490842,0.7890766426036686,122.22222222222223,0.0,0.0,6.546536707079771,0.0,0,subj18
19.175020038643094,15.64761319943038,0.8160415565614018,123.33333333333333,0.0,7.404802694063287,6.813851438692469,0.07404802694063287,0,subj18
17.84493292567345,16.110929726564567,0.9028293798395746,120.5,0.0,7.95586609878782,7.5,0.0795586609878782,0,subj18
18.343147137490305,5.310310039719854,0.28949830691083944,269.5833333333333,7.355637687136735,0.0,9.082951062292475,0.0,2,subj19
19.1179030907794,5.60809847284316,0.2933427607731706,271.3636363636364,0.0,0.0,5.70087712549569,0.0,2,subj19
18.564622634331638,5.5073354452520205,0.296657548808306,270.45454545454544,0.0,0.0,7.0710678118654755,0.0,2,subj19
19.442135629082273,4.986356536930689,0.2564716465341344,270.0,0.0,7.322224803443125,5.0,0.07322224803443125,2,subj19
19.505776884085684,5.373772704751204,0.27549647146510436,268.1818181818182,0.0,0.0,6.871842709362768,0.0,2,subj19
18.597358634728323,5.440970173012338,0.2925668252077466,265.90909090909093,0.0,0.0,9.860132971832694,0.0,2,subj19
18.542792123043917,5.279711286323596,0.28473119103580274,265.0,6.841352268805536,0.0,13.509256086106296,0.0,2,subj19
18.416151274446726,5.67348481389352,0.3080711452324866,295.0,0.0,0.0,7.0710678118654755,0.0,2,subj20
19.04631123087297,5.701756327471423,0.29936276155296704,295.45454545454544,0.0,0.0,10.124228365658293,0.0,2,subj20
18.259010492407747,5.4368412753734905,0.29776209820538607,293.6363636363636,0.0,6.357560708685943,11.40175425099138,0.06357560708685943,2,subj20
19.52384006992537,5.381629761227737,0.2756440199240122,295.45454545454544,0.0,0.0,8.975274678557506,0.0,2,subj20
18.619864377963594,5.485484965774531,0.29460391624906473,293.6363636363636,0.0,0.0,8.975274678557506,0.0,2,subj20
18.288601886444457,5.320549674828629,0.29092161926124216,290.8333333333333,6.501737465347603,0.0,8.94427190999916,0.0,2,subj20
18.057122026370546,8.88462659212706,0.492028939005451,188.5,0.0,0.0,9.682458365518542,0.0,1,subj21
18.70511347682031,9.127515154093626,0.48796898053596927,192.77777777777777,0.0,0.0,7.2886898685566255,0.0,1,subj21
19.234580758913186,9.090168689270858,0.47259510374607616,192.22222222222223,0.0,0.0,2.6726124191242437,0.0,1,subj21
19.46355430785633,8.637698318489337,0.44378833289471636,190.0,0.0,8.634006818052251,4.225771273642583,0.08634006818052252,1,subj21
18.377000003727577,8.811127795450323,0.479464972175169,188.33333333333334,7.489832968249187,0.0,11.952286093343936,0.0,1,subj21
18.239371802823477,8.874794120833979,0.4865734531197039,190.0,0.0,0.0,6.846531968814577,0.0,1,subj21
18.781293193565244,9.203729337612232,0.4900476896215842,194.44444444444446,0.0,0.0,10.606601717798213,0.0,1,subj21
19.344599510132433,9.066895091371151,0.46870420277359776,190.0,0.0,0.0,5.744562646538029,0.0,1,subj21
19.43536982659193,8.634354430796877,0.4442598472699578,191.22222222222223,0.0,9.01047934836621,8.750510189207745,0.0901047934836621,1,subj21
18.357822853623198,8.774476818548562,0.47796935881298064,189.44444444444446,8.488202339733412,0.0,14.39245834257849,0.0,1,subj21
18.505835424083937,8.34956472794363,0.4511855064417847,183.75,0.0,0.0,10.8397416943394,0.0,1,subj22
18.938278285486543,8.2056025293026,0.4332813366456343,181.66666666666666,7.042624921458678,0.0,10.0,0.0,1,subj22
19.009893177959572,8.193970055515322,0.43103714359718576,180.0,0.0,0.0,9.486832980505138,0.0,1,subj22
18.785059718028037,8.140147018812595,0.4333309098293943,180.41666666666666,0.0,0.0,7.416198487095663,0.0,1,subj22
18.585326882825132,8.568384493424096,0.46102952869460784,181.8181818181818,0.0,0.0,4.47213595499958,0.0,1,subj22
18.479984736683278,8.673912207184774,0.4693679313471953,180.9090909090909,0.0,0.0,3.5355339059327378,0.0,1,subj22
18.247350011445405,8.60179155604199,0.47139949366053874,180.45454545454547,0.0,0.0,7.416198487095663,0.0,1,subj22
19.493106952740014,8.14658985941277,0.41792156987409645,182.27272727272728,0.0,0.0,7.637626158259733,0.0,1,subj22
19.541871111717324,8.264324148807507,0.422903421149483,184.0909090909091,0.0,7.173497575150271,7.637626158259733,0.0717349757515027,1,subj22
18.23130682812003,8.442368616753265,0.46306985540563267,181.66666666666666,0.0,0.0,6.708203932499369,0.0,1,subj22
18.114362414168493,4.691710768360795,0.2590050182882001,284.5,0.0,0.0,5.0,0.0,2,subj23
18.685404421059786,4.9681932189151015,0.26588630927974954,287.77777777777777,0.0,0.0,7.705517503711221,0.0,2,subj23
19.602308496376015,4.464225289458704,0.22773977311315297,280.0,0.0,7.491932210219787,7.0710678118654755,0.07491932210219787,2,subj23
18.655051538570753,4.846963592668412,0.259820434301505,281.1111111111111,0.0,0.0,8.660254037844387,0.0,2,subj23
17.53561511050552,4.765233706932028,0.2717460252692929,277.5,0.0,0.0,12.747548783981962,0.0,2,subj23
18.81218944345045,4.986258834888109,0.2650546790354643,286.6666666666667,0.0,0.0,9.842509842514763,0.0,2,subj23
19.467985665683624,4.721151901116795,0.24250849482793732,278.3333333333333,0.0,8.03936453790188,7.0710678118654755,0.0803936453790188,2,subj23
18.96134816637869,4.69574277457464,0.2476481489275586,281.1111111111111,0.0,7.014047913446267,8.017837257372731,0.07014047913446267,2,subj23
17.15502492348238,4.833951378133133,0.2817804928698329,279.1,7.5855362970660325,0.0,9.880536422684752,0.0,2,subj23
18.2237449484589,9.762788162690397,0.5357179981558067,193.1818181818182,7.831524120212757,0.0,7.993052538854532,0.0,1,subj24
19.56826624874393,9.189892866767055,0.4696324523567307,195.5,0.0,0.0,5.5901699437494745,0.0,1,subj24
18.674013246856376,10.075961443152103,0.5395712913959891,195.5,0.0,0.0,8.498365855987975,0.0,1,subj24
17.895639366307854,9.864028174713694,0.551197304147999,190.0,7.400781193479779,0.0,10.92906420717,0.0,1,subj24
19.62098513153027,9.710254398437344,0.4948912775451468,191.0,0.0,0.0,4.330127018922194,0.0,1,subj24
18.867122734415414,9.474676576140157,0.5021791986786333,190.9090909090909,0.0,0.0,7.453559924999299,0.0,1,subj24
18.306454218586204,7.698469474418483,0.42053307442805443,226.36363636363637,0.0,0.0,8.660254037844387,0.0,1,subj25
18.928172206265593,7.68015209028151,0.40575244173545877,229.5,0.0,0.0,6.846531968814577,0.0,1,subj25
19.500128890438532,7.762812740071774,0.39809032974536396,230.5,0.0,0.0,3.0618621784789726,0.0,1,subj25
18.993995998586193,7.987004698347333,0.42050154685416596,230.5,0.0,0.0,9.860132971832694,0.0,1,subj25
18.316666583144876,7.8536078632951725,0.4287684021350324,226.0,8.771016655136268,0.0,10.606601717798213,0.0,1,subj25
19.545943483891286,7.612465629561221,0.38946524304825736,230.0,0.0,8.558403476672034,8.660254037844387,0.08558403476672034,1,subj25
18.63416094944283,8.073172433352923,0.4332458249800786,229.5,0.0,0.0,6.236095644623235,0.0,1,subj25
18.127411526786325,7.740538878453751,0.4270074007541448,227.36363636363637,0.0,0.0,9.521904571390467,0.0,1,subj25
18.14412346902732,4.629034171583677,0.2551258086115654,293.3333333333333,0.0,0.0,4.330127018922194,0.0,2,subj26
18.54785816769517,4.529544705584505,0.244208504541706,297.22222222222223,0.0,0.0,10.752906583803284,0.0,2,subj26
19.50713918195995,4.266861818748432,0.2187333457226979,293.8888888888889,0.0,9.992410244756044,4.225771273642583,0.09992410244756045,2,subj26
18.48883731395538,4.428453749254464,0.23952040217866302,286.0,0.0,0.0,7.791937224739796,0.0,2,subj26
17.595044451876085,4.369189391301791,0.24831931531925874,282.5,0.0,0.0,9.974968671630002,0.0,2,subj26
18.6559471269063,4.561123935074236,0.24448632406853327,293.3333333333333,0.0,0.0,11.180339887498949,0.0,2,subj26
19.413131015455015,4.360872611793701,0.22463520224130565,292.22222222222223,0.0,7.2599695983132255,7.559289460184544,0.07259969598313226,2,subj26
18.77656662312635,4.329718071772584,0.2305915750561044,289.0,0.0,5.751512135259706,5.490251100164468,0.05751512135259705,2,subj26
19.068049231349786,4.67444643165426,0.2451454983643005,269.54545454545456,0.0,0.0,10.137937550497032,0.0,2,subj27
18.568815579137933,4.666688685631253,0.25131859734092454,269.0,0.0,0.0,6.871842709362768,0.0,2,subj27
19.091810376632722,4.661364946659252,0.24415520868384985,267.3636363636364,0.0,0.0,4.2295258468165065,0.0,2,subj27
18.506171866753142,4.767271458444847,0.2576044085600104,268.0,0.0,0.0,8.16496580927726,0.0,2,subj27
19.092167982399754,4.6649623040100705,0.24433905611507808,269.54545454545456,0.0,0.0,13.844373104863458,0.0,2,subj27
18.466961713270305,4.822819288905604,0.26115932679060794,266.5,0.0,0.0,7.993052538854532,0.0,2,subj27
18.79448797806181,4.66387067385946,0.24815098337892702,266.3636363636364,8.097875826387618,0.0,12.01850425154663,0.0,2,subj27
19.05291746344886,10.057328211079232,0.5278628971323275,218.63636363636363,0.0,7.079050001078557,8.975274678557506,0.07079050001078557,1,subj28
18.49292853101972,10.537959284716012,0.5698372362733041,220.5,0.0,0.0,8.819171036881968,0.0,1,subj28
19.192430182622118,9.998604936381735,0.5209660705414483,221.36363636363637,0.0,0.0,10.274023338281628,0.0,1,subj28
18.540003825082977,10.017484294101079,0.5403172722407055,221.5,0.0,0.0,10.0,0.0,1,subj28
19.04947579019243,10.008659146698182,0.5254033894124851,221.8181818181818,0.0,0.0,10.671873729054747,0.0,1,subj28
18.413427989101425,10.30482162176182,0.5596362408923019,222.5,0.0,0.0,7.817359599705716,0.0,1,subj28
18.882672752426654,10.038173371230954,0.5316076544270422,220.45454545454547,7.846142120312786,0.0,14.52966314513558,0.0,1,subj28
18.211485009468806,10.323950498278114,0.5668922931276785,223.6,0.0,0.0,12.65350193073487,0.0,1,subj28
18.70834911531009,10.006825775606673,0.5348855590586306,219.0909090909091,7.881044389635082,0.0,11.30388330520878,0.0,1,subj28
18.086077656168182,8.60209157027836,0.4756195198213501,207.6,0.0,0.0,12.784539273843405,0.0,1,subj29
17.513720064567938,8.684027586055523,0.495841406282621,203.0,0.0,0.0,11.180339887498949,0.0,1,subj29
18.491303909301717,7.886813071645875,0.4265147071472097,204.5,0.0,0.0,10.0,0.0,1,subj29
18.363781487927735,7.551553980457652,0.41121998676699617,203.5,7.29458790449952,0.0,9.354143466934854,0.0,1,subj29
18.434867933656186,7.962548087794404,0.43192867540197194,203.5,7.822893472046166,0.0,9.354143466934854,0.0,1,subj29
19.046568622530003,7.961210634684514,0.41798660916104724,207.5,0.0,7.657218830376746,9.519716382329886,0.07657218830376747,1,subj29
19.835564796494403,7.958796379232138,0.4012387073867803,206.5,0.0,8.413805478091986,7.0710678118654755,0.08413805478091986,1,subj29
19.885947646648365,8.175297340940087,0.41110926601066333,203.9,0.0,0.0,11.726039399558575,0.0,1,subj29
