timestamp_ms,ir_finger,ir_toe
0,1038,776
5,1062,770
10,1060,769
15,1079,768
20,1085,774
25,1089,768
30,1092,764
35,1093,759
40,1107,771
45,1119,765
50,1128,763
55,1142,760
60,1137,762
65,1147,763
70,1148,759
75,1153,759
80,1159,763
85,1165,760
90,1167,762
95,1170,760
100,1187,759
105,1178,764
110,1173,755
115,1184,765
120,1190,760
125,1174,765
130,1185,769
135,1184,764
140,1180,761
145,1191,768
150,1193,766
155,1184,768
160,1182,767
165,1180,768
170,1184,772
175,1182,769
180,1183,768
185,1180,769
190,1174,774
195,1173,776
200,1166,774
205,1182,781
210,1170,780
215,1160,775
220,1157,782
225,1164,781
230,1151,787
235,1153,787
240,1148,788
245,1153,787
250,1146,794
255,1144,791
260,1135,794
265,1147,800
270,1136,803
275,1128,798
280,1130,805
285,1125,804
290,1124,809
295,1124,810
300,1119,810
305,1123,808
310,1111,814
315,1103,810
320,1112,815
325,1112,813
330,1102,819
335,1095,814
340,1101,816
345,1098,823
350,1101,818
355,1092,821
360,1090,822
365,1101,825
370,1084,822
375,1095,821
380,1095,821
385,1083,826
390,1079,822
395,1088,819
400,1088,830
405,1073,823
410,1072,831
415,1066,826
420,1068,828
425,1068,831
430,1069,826
435,1064,826
440,1064,830
445,1057,825
450,1051,827
455,1049,832
460,1035,832
465,1046,827
470,1038,828
475,1032,834
480,1026,828
485,1024,828
490,1017,834
495,1004,823
500,1010,824
505,999,823
510,987,821
515,996,823
520,978,820
525,983,825
530,960,822
535,958,825
540,950,821
545,946,825
550,941,826
555,950,816
560,916,823
565,921,821
570,896,824
575,907,822
580,893,821
585,884,819
590,881,819
595,871,818
600,866,819
605,868,818
610,853,818
615,848,818
620,844,813
625,828,812
630,822,821
635,812,815
640,815,813
645,804,817
650,805,813
655,791,809
660,788,815
665,785,813
670,769,815
675,767,812
680,756,813
685,764,816
690,761,816
695,751,813
700,756,816
705,760,811
710,750,807
715,747,812
720,744,809
725,747,808
730,745,808
735,741,804
740,747,812
745,747,805
750,747,804
755,744,808
760,755,803
765,769,807
770,772,805
775,775,799
780,779,801
785,778,805
790,786,803
795,794,801
800,803,799
805,811,798
810,822,799
815,831,793
820,839,796
825,841,792
830,851,789
835,864,792
840,864,795
845,875,789
850,884,792
855,897,785
860,911,779
865,928,788
870,931,785
875,940,787
880,956,785
885,962,780
890,975,777
895,977,778
900,986,776
905,996,778
910,1012,777
915,1023,773
920,1038,774
925,1047,774
930,1044,767
935,1064,769
940,1080,768
945,1079,767
950,1090,766
955,1093,765
960,1108,763
965,1118,766
970,1124,767
975,1128,767
980,1132,760
985,1129,762
990,1141,768
995,1145,756
1000,1164,758
1004,1161,761
1010,1167,760
1014,1169,759
1020,1181,760
1025,1173,763
1030,1176,761
1035,1185,763
1040,1182,759
1045,1187,768
1050,1186,765
1055,1187,763
1060,1189,761
1065,1179,770
1070,1180,762
1075,1195,763
1080,1196,763
1085,1186,768
1090,1190,766
1095,1188,768
1100,1181,765
1105,1177,770
1110,1178,772
1115,1171,770
1120,1175,774
1125,1178,778
1130,1167,776
1135,1178,777
1140,1171,779
1145,1172,775
1150,1156,781
1155,1157,788
1160,1152,792
1165,1153,784
1170,1146,785
1175,1146,796
1180,1144,795
1185,1147,793
1190,1135,801
1195,1143,797
1200,1133,804
1205,1130,804
1210,1119,802
1215,1124,805
1220,1121,805
1225,1124,805
1230,1113,809
1235,1113,810
1240,1109,811
1245,1104,820
1250,1111,814
1255,1106,814
1260,1106,819
1265,1113,819
1270,1102,817
1275,1094,821
1280,1098,824
1285,1095,820
1290,1087,825
1295,1092,825
1300,1094,828
1305,1081,825
1310,1081,828
1315,1074,825
1320,1088,831
1325,1080,829
1330,1085,828
1335,1071,827
1340,1073,825
1345,1064,828
1350,1066,830
1355,1058,833
1360,1058,825
1365,1050,827
1370,1056,827
1375,1058,829
1380,1046,828
1385,1048,829
1390,1034,827
1395,1034,828
1400,1031,828
1405,1021,824
1410,1025,828
1415,1010,831
1420,1016,828
1425,1009,825
1430,1002,828
1435,1007,823
1440,985,824
1445,984,828
1450,973,822
1455,964,823
1460,969,821
1465,952,826
1470,949,820
1475,933,827
1480,938,824
1485,938,828
1490,923,819
1495,918,819
1500,899,815
1505,901,822
1510,892,820
1515,881,820
1520,884,823
1525,869,816
1530,860,819
1535,848,816
1540,849,819
1545,839,815
1550,823,820
1555,827,818
1560,815,814
1565,810,818
1570,813,816
1575,799,814
1580,797,811
1585,787,813
1590,774,815
1595,769,814
1600,763,813
1605,762,807
1610,761,810
1615,754,817
1620,752,810
1625,756,812
1630,751,812
1635,752,809
1640,749,814
1645,756,816
1650,743,807
1655,755,811
1660,743,810
1665,754,807
1670,751,809
1675,750,804
1680,746,806
1685,757,805
1690,765,810
1695,766,803
1700,775,804
1705,782,806
1710,790,809
1715,784,795
1720,793,802
1725,798,802
1730,806,802
1735,815,790
1740,827,794
1745,826,799
1750,840,797
1755,854,793
1760,854,789
1765,869,791
1770,879,791
1775,884,788
1780,896,785
1785,905,788
1790,923,783
1795,938,786
1800,955,780
1805,951,783
1810,961,788
1815,976,779
1820,970,781
1825,999,780
1830,1006,775
1835,1014,772
1840,1029,773
1845,1034,775
1850,1039,772
1855,1056,766
1860,1056,770
1865,1071,768
1870,1085,773
1875,1085,761
1880,1094,768
1885,1102,764
1890,1114,771
1895,1120,763
1900,1131,762
1905,1137,766
1910,1133,756
1915,1142,757
1920,1147,764
1925,1152,763
1930,1151,756
1935,1159,759
1940,1168,754
1945,1179,761
1950,1176,764
1955,1180,758
1960,1183,761
1965,1183,761
1970,1182,760
1975,1196,757
1980,1189,759
1985,1186,759
1990,1190,764
1995,1194,763
2000,1186,765
2005,1187,766
2009,1192,763
2015,1179,766
2020,1195,775
2025,1179,770
2029,1180,772
2035,1171,774
2040,1182,771
2045,1176,777
2050,1167,781
2055,1174,774
2060,1168,780
2065,1157,773
2070,1157,780
2075,1160,780
2080,1162,781
2085,1160,786
2090,1154,789
2095,1155,789
2100,1127,793
2105,1154,790
2110,1141,798
2115,1139,795
2120,1139,802
2125,1131,800
2130,1128,801
2135,1123,803
2140,1129,801
2145,1116,804
2150,1114,809
2155,1114,810
2160,1117,815
2165,1107,817
2170,1103,811
2175,1109,814
2180,1106,815
2185,1100,812
2190,1103,816
2195,1099,814
2200,1092,825
2205,1106,828
2210,1090,822
2215,1092,824
2220,1092,823
2225,1085,826
2230,1091,826
2235,1079,829
2240,1085,829
2245,1080,826
2250,1076,826
2255,1075,826
2260,1069,818
2265,1065,828
2270,1070,830
2275,1065,827
2280,1062,830
2285,1067,830
2290,1061,828
2295,1059,832
2300,1055,831
2305,1039,832
2310,1042,831
2315,1042,828
2320,1038,828
2325,1029,829
2330,1022,825
2335,1026,826
2340,1013,827
2345,1012,828
2350,1014,831
2355,1007,828
2360,984,818
2365,988,828
2370,983,822
2375,976,824
2380,973,822
2385,964,825
2390,958,824
2395,953,820
2400,941,826
2405,924,821
2410,928,824
2415,922,822
2420,913,817
2425,908,818
2430,903,817
2435,896,821
2440,885,820
2445,870,819
2450,869,817
2455,851,813
2460,856,817
2465,840,815
2470,842,813
2475,821,818
2480,819,815
2485,814,816
2490,812,817
2495,806,821
2500,795,814
2505,788,810
2510,792,815
2515,776,817
2520,780,816
2525,773,812
2530,759,805
2535,761,810
2540,768,811
2545,755,811
2550,757,813
2555,752,814
2560,752,813
2565,744,815
2570,752,807
2575,751,803
2580,750,814
2585,755,813
2590,754,809
2595,750,810
2600,756,805
2605,754,804
2610,767,808
2615,767,810
2620,770,801
2625,778,805
2630,774,804
2635,781,798
2640,787,801
2645,798,798
2650,803,798
2655,806,803
2660,820,799
2665,827,794
2670,839,800
2675,842,796
2680,846,798
2685,857,795
2690,871,785
2695,876,791
2700,890,791
2705,890,787
2710,907,784
2715,924,789
2720,929,780
2725,941,785
2730,962,787
2735,962,779
2740,973,775
2745,984,784
2750,999,774
2755,1003,774
2760,1009,779
2765,1029,777
2770,1024,774
2775,1047,772
2780,1053,772
2785,1068,766
2790,1067,774
2795,1086,770
2800,1096,770
2805,1093,765
2810,1107,772
2815,1122,766
2820,1118,766
2825,1127,759
2830,1132,760
2835,1137,761
2840,1143,761
2845,1152,758
2850,1166,761
2855,1158,760
2860,1160,758
2865,1163,763
2870,1175,756
2875,1178,760
2880,1177,754
2885,1185,762
2890,1179,762
2895,1180,761
2900,1189,761
2905,1179,759
2910,1182,762
2915,1188,763
2920,1186,764
2925,1198,769
2930,1196,765
2935,1181,772
2940,1187,773
2945,1185,767
2950,1184,773
2955,1181,769
2960,1185,772
2965,1178,775
2970,1174,777
2975,1170,776
2980,1163,776
2985,1167,777
2990,1169,779
2995,1167,782
3000,1162,785
3005,1160,786
3010,1151,784
3015,1148,789
3020,1153,796
3025,1141,786
3030,1129,792
3035,1136,794
3040,1135,796
3045,1122,800
3050,1124,802
3055,1129,805
3060,1121,806
3065,1125,804
3070,1124,808
3075,1116,810
3080,1123,817
3085,1113,808
3090,1109,808
3095,1118,808
3100,1105,819
3105,1094,814
3110,1104,816
3115,1099,816
3120,1098,811
3125,1090,815
3130,1096,822
3135,1096,823
3140,1096,821
3145,1091,822
3150,1086,822
3155,1076,821
3160,1087,826
3165,1086,825
3170,1080,830
3175,1075,828
3180,1076,828
3185,1075,829
3190,1087,826
3195,1073,824
3200,1073,828
3205,1070,827
3210,1063,826
3215,1064,828
3220,1054,825
3225,1047,831
3230,1036,835
3235,1042,824
3240,1037,827
3245,1045,832
3250,1028,828
3255,1028,826
3260,1021,825
3265,1022,823
3270,1016,829
3275,1007,826
3280,1002,827
3285,993,822
3290,987,822
3295,989,826
3300,976,826
3305,976,825
3310,966,821
3315,958,825
3320,948,826
3325,943,823
3330,935,823
3335,921,818
3340,916,820
3345,906,817
3350,910,821
3355,893,818
3360,890,822
3365,882,825
3370,877,815
3375,870,816
3380,858,820
3385,849,817
3390,845,819
3395,830,814
3400,837,814
3405,823,812
3410,829,813
3415,797,810
3420,801,814
3425,795,816
3430,786,817
3435,787,817
3440,774,813
3445,783,813
3450,770,810
3455,764,812
3460,768,814
3465,756,813
3470,758,810
3475,748,810
3480,748,807
3485,757,813
3490,749,808
3495,746,809
3500,743,808
3505,753,813
3510,750,815
3515,750,805
3520,754,810
3525,752,808
3530,752,805
3535,753,799
3540,765,800
3545,755,805
3550,777,801
3555,783,800
3560,792,807
3565,797,801
3570,793,799
3575,806,797
3580,814,798
3585,831,798
3590,824,794
3595,826,796
3600,837,796
3605,861,799
3610,864,795
3615,880,796
3620,881,792
3625,891,787
3630,909,786
3635,904,786
3640,918,786
3645,933,783
3650,944,782
3655,953,784
3660,964,778
3665,963,781
3670,987,779
3675,983,775
3680,1013,780
3685,1008,779
3690,1026,773
3695,1036,778
3700,1055,772
3705,1056,777
3710,1064,774
3715,1060,761
3720,1081,767
3725,1094,765
3730,1096,769
3735,1100,766
3740,1104,768
3745,1113,767
3750,1127,756
3755,1123,765
3760,1138,761
3765,1143,759
3770,1147,764
3775,1157,762
3780,1155,761
3785,1164,757
3790,1164,759
3795,1169,764
3800,1170,763
3805,1177,762
3810,1181,758
3815,1183,765
3820,1185,763
3825,1193,763
3830,1185,766
3835,1189,762
3840,1184,762
3845,1189,766
3850,1187,766
3855,1192,764
3860,1192,769
3865,1188,769
3870,1186,766
3875,1185,773
3880,1186,774
3885,1180,772
3890,1175,773
3895,1174,777
3900,1169,773
3905,1170,779
3910,1164,777
3915,1177,779
3920,1167,781
3925,1156,781
3930,1153,787
3935,1155,786
3940,1155,793
3945,1153,797
3950,1145,793
3955,1149,790
3960,1144,794
3965,1133,794
3970,1139,797
3975,1137,799
3980,1126,800
3985,1132,800
3990,1115,802
3995,1120,806
4000,1116,802
4005,1127,807
4010,1106,813
4014,1111,812
4019,1107,815
4025,1103,814
4030,1098,816
4035,1093,809
4040,1098,819
4045,1098,818
4050,1103,820
4054,1094,821
4059,1090,821
4065,1101,818
4070,1095,825
4075,1084,827
4080,1089,826
4085,1085,824
4090,1089,828
4094,1080,827
4100,1085,828
4105,1070,822
4110,1068,827
4115,1069,828
4120,1074,820
4125,1061,828
4130,1069,825
4135,1066,825
4140,1062,831
4145,1055,830
4150,1051,828
4155,1051,828
4160,1052,831
4165,1039,829
4170,1036,827
4175,1027,825
4180,1020,832
4185,1014,829
4190,1018,835
4195,1023,829
4200,1011,827
4205,999,825
4210,990,823
4215,978,823
4220,978,826
4225,985,823
4230,968,827
4235,961,827
4240,945,821
4245,950,816
4250,943,822
4255,937,822
4260,918,823
4265,922,822
4270,918,825
4275,906,820
4280,894,823
4285,895,818
4290,879,822
4295,875,817
4300,860,820
4305,861,816
4310,848,822
4315,840,814
4320,835,815
4325,827,823
4330,822,820
4335,813,815
4340,808,816
4345,802,817
4350,792,819
4355,782,811
4360,796,818
4365,772,812
4370,770,820
4375,767,815
4380,761,813
4385,754,813
4390,752,814
4395,755,815
4400,752,811
4405,747,814
4410,751,808
4415,744,805
4420,745,810
4425,739,810
4430,740,808
4435,749,811
4440,749,807
4445,756,808
4450,751,810
4455,755,814
4460,750,807
4465,760,804
4470,768,802
4475,778,805
4480,781,804
4485,784,808
4490,794,803
4495,795,796
4500,794,799
4505,811,801
4510,823,794
4515,823,797
4520,831,796
4525,845,794
4530,846,796
4535,864,794
4540,872,793
4545,886,789
4550,890,787
4555,898,786
4560,913,791
4565,921,792
4570,926,783
4575,939,785
4580,956,785
4585,961,780
4590,974,776
4595,989,778
4600,984,779
4605,1005,771
4610,1020,774
4615,1034,776
4620,1028,775
4625,1044,772
4630,1063,773
4635,1058,769
4640,1076,774
4645,1084,771
4650,1088,772
4655,1101,768
4660,1113,766
4665,1116,764
4670,1116,766
4675,1137,764
4680,1135,763
4685,1144,763
4690,1147,756
4695,1153,765
4700,1161,762
4705,1158,759
4710,1166,760
4715,1172,759
4720,1173,765
4725,1182,759
4730,1171,762
4735,1180,760
4740,1191,768
4745,1188,764
4750,1183,763
4755,1190,763
4760,1183,759
4765,1180,761
4770,1193,767
4775,1186,764
4780,1186,767
4785,1188,768
4790,1185,765
4795,1185,764
4800,1187,772
4805,1191,772
4810,1184,771
4815,1167,770
4820,1166,774
4825,1175,773
4830,1173,776
4835,1175,780
4840,1165,777
4845,1164,778
4850,1151,781
4855,1163,787
4860,1155,790
4865,1151,788
4870,1148,790
4875,1148,789
4880,1146,794
4885,1140,795
4890,1133,795
4895,1135,801
4900,1132,797
4905,1124,801
4910,1123,800
4915,1125,802
4920,1123,805
4925,1111,810
4930,1120,806
4935,1118,810
4940,1118,808
4945,1115,812
4950,1115,807
4955,1112,812
4960,1104,812
4965,1091,818
4970,1101,818
4975,1097,825
4980,1098,816
4985,1097,824
4990,1096,823
4995,1091,828
5000,1085,830
5005,1088,824
5010,1089,828
5015,1083,827
5020,1088,825
5025,1080,827
5030,1075,832
5035,1072,828
5040,1063,825
5045,1073,829
5050,1075,827
5055,1068,825
5060,1060,831
5065,1064,827
5070,1048,833
5075,1051,833
5080,1047,837
5085,1046,829
5090,1040,828
5095,1038,829
5100,1034,826
5105,1021,829
5110,1018,828
5115,1024,827
5120,1018,831
5125,1003,824
5130,999,828
5135,991,822
5140,982,826
5145,985,823
5150,974,823
5155,975,818
5160,966,821
5165,964,823
5170,956,825
5175,941,824
5180,934,823
5185,929,821
5190,928,820
5195,905,817
5200,912,821
5205,890,818
5210,880,823
5215,874,817
5220,877,817
5225,877,817
5230,845,820
5235,855,819
5240,839,814
5245,837,818
5250,827,817
5255,819,813
5260,818,815
5265,815,813
5270,802,815
5275,785,812
5280,785,819
5285,783,815
5290,775,811
5295,772,814
5300,763,817
5305,755,813
5310,754,817
5315,758,815
5320,749,814
5325,753,817
5330,749,810
5335,743,811
5340,754,811
5345,745,807
5350,746,806
5355,748,813
5360,748,809
5365,755,809
5370,755,806
5375,762,809
5380,754,801
5385,752,812
5390,768,801
5395,760,801
5400,779,802
5405,784,804
5410,782,806
5415,787,801
5420,803,800
5425,815,801
5430,812,801
5435,818,795
5440,825,797
5445,827,793
5450,842,793
5455,847,799
5460,861,796
5465,869,794
5470,884,797
5475,888,794
5480,898,787
5485,914,789
5490,915,788
5495,931,786
5500,945,780
5505,955,784
5510,961,781
5515,988,783
5520,973,778
5525,995,774
5530,1000,778
5535,1018,775
5540,1025,773
5545,1041,771
5550,1041,772
5555,1057,774
5560,1067,777
5565,1070,770
5570,1082,767
5575,1093,768
5580,1104,765
5585,1105,765
5590,1119,769
5595,1115,768
5600,1124,760
5605,1137,766
5610,1141,756
5615,1140,757
5620,1153,759
5625,1161,757
5630,1161,757
5635,1165,762
5640,1168,757
5645,1180,761
5650,1179,758
5655,1179,760
5660,1178,760
5665,1182,763
5670,1189,761
5675,1188,762
5680,1193,761
5685,1180,764
5690,1182,761
5695,1188,765
5700,1191,760
5705,1191,766
5710,1185,766
5715,1191,762
5720,1182,772
5725,1185,768
5730,1170,774
5735,1176,768
5740,1167,773
5745,1175,772
5750,1169,775
5755,1165,777
5760,1165,782
5765,1161,779
5770,1163,778
5775,1159,781
5780,1150,791
5785,1157,788
5790,1152,787
5795,1160,789
5800,1152,791
5805,1139,800
5810,1140,791
5815,1127,798
5820,1133,800
5825,1137,798
5830,1125,805
5835,1120,795
5840,1119,806
5845,1121,810
5850,1114,807
5855,1114,810
5860,1118,811
5865,1100,814
5870,1112,811
5875,1109,816
5880,1114,812
5885,1112,819
5890,1103,820
5895,1103,821
5900,1087,820
5905,1104,819
5910,1096,821
5915,1094,825
5920,1081,827
5925,1092,826
5930,1090,829
5935,1079,827
5940,1077,826
5945,1086,823
5950,1081,825
5955,1070,823
5960,1070,831
5965,1073,833
5970,1066,829
5975,1073,826
5980,1059,828
5985,1063,834
5990,1047,829
5995,1053,823
6000,1040,827
6005,1044,828
6010,1050,828
6015,1032,826
6020,1033,827
6025,1035,828
6030,1040,827
6035,1026,827
6040,1012,828
6045,1009,819
6050,999,827
6055,1010,829
6060,992,827
6065,999,825
6070,976,825
6075,975,818
6080,975,825
6085,965,820
6090,968,822
6095,948,823
6100,936,824
6105,930,822
6110,929,821
6115,923,819
6120,915,820
6125,906,822
6130,904,819
6135,891,818
6140,875,818
6145,874,819
6150,863,813
6155,859,814
6160,842,822
6165,843,817
6170,836,819
6175,829,815
6180,823,813
6185,811,817
6190,809,818
6195,804,815
6200,799,815
6205,795,809
6210,786,819
6215,778,817
6220,775,814
6225,777,812
6230,760,813
6235,764,817
6240,761,811
6245,756,810
6250,754,804
6255,750,810
6260,746,812
6265,748,804
6270,744,814
6275,740,808
6280,746,811
6285,755,811
6290,753,812
6295,758,804
6300,746,805
6305,758,809
6310,757,804
6315,758,810
6320,775,807
6325,767,803
6330,785,804
6335,778,807
6340,795,801
6345,800,801
6350,798,798
6355,809,799
6360,831,799
6365,824,800
6370,834,793
6375,843,796
6380,857,794
6385,861,792
6390,874,793
6395,873,793
6400,892,791
6405,898,791
6410,904,789
6415,923,785
6420,931,783
6425,934,781
6430,950,781
6435,963,782
6440,977,778
6445,980,781
6450,992,777
6455,1014,778
6460,1004,778
6465,1029,775
6470,1032,770
6475,1044,769
6480,1059,771
6485,1070,767
6490,1066,765
6495,1078,769
6500,1093,769
6505,1093,771
6510,1106,765
6515,1121,769
6520,1132,762
6525,1124,765
6530,1128,759
6535,1141,761
6540,1154,761
6545,1150,760
6550,1146,763
6555,1159,759
6560,1164,761
6565,1167,759
6570,1172,762
6575,1179,758
6580,1180,757
6585,1177,762
6590,1190,761
6595,1183,770
6600,1191,763
6605,1183,765
6610,1189,765
6615,1192,764
6620,1177,765
6625,1186,764
6630,1189,763
6635,1176,770
6640,1181,771
6645,1191,771
6650,1182,769
6655,1175,770
6660,1176,776
6665,1184,766
6670,1185,781
6675,1170,773
6680,1168,779
6685,1168,780
6690,1167,782
6695,1158,779
6700,1165,782
6705,1146,788
6710,1154,788
6715,1156,789
6720,1152,790
6725,1136,791
6730,1139,793
6735,1129,793
6740,1140,798
6745,1132,803
6750,1140,802
6755,1127,797
6760,1139,798
6765,1128,808
6770,1118,810
6775,1117,807
6780,1125,812
6785,1112,810
6790,1107,813
6795,1104,816
6800,1109,810
6805,1105,814
6810,1100,817
6815,1096,818
6820,1094,813
6825,1094,821
6830,1101,824
6835,1088,822
6840,1090,827
6845,1096,822
6850,1086,822
6855,1079,825
6860,1084,827
6865,1086,829
6870,1080,826
6875,1078,824
6880,1080,835
6885,1071,829
6890,1082,827
6895,1066,827
6900,1066,830
6905,1067,831
6910,1060,829
6915,1050,830
6920,1061,826
6925,1056,828
6930,1056,829
6935,1049,829
6940,1047,831
6945,1034,824
6950,1032,823
6955,1029,827
6960,1031,827
6965,1020,829
6970,1009,827
6975,1005,828
6980,1003,822
6985,994,823
6990,985,820
6995,983,826
7000,973,822
7005,973,823
7010,965,822
7015,960,825
7020,947,821
7025,935,821
7030,923,825
7035,925,823
7040,924,825
7045,911,821
7050,903,822
7055,896,823
7060,882,819
7065,875,814
7070,876,817
7075,867,815
7080,859,819
7085,853,814
7090,844,813
7095,832,808
7100,833,817
7105,817,808
7110,810,815
7115,802,817
7120,800,821
7125,799,813
7130,790,813
7135,776,824
7140,777,812
7145,779,810
7150,772,813
7155,768,814
7160,760,813
7165,768,812
7170,766,817
7175,758,811
7180,752,814
7185,758,813
7190,741,810
7195,743,813
7200,749,808
7205,748,808
7210,756,810
7215,754,807
7220,755,807
7225,754,815
7230,761,802
7235,760,814
7240,757,809
7245,764,807
7250,778,809
7255,777,797
7260,788,798
7265,790,802
7270,800,802
7275,804,797
7280,808,799
7285,821,795
7290,827,794
7295,839,797
7300,849,797
7305,852,791
7310,864,797
7315,878,791
7320,883,790
7325,894,796
7330,895,786
7335,910,785
7340,920,788
7345,930,782
7350,949,785
7355,959,779
7360,962,779
7365,975,781
7370,991,781
7375,997,774
7380,1022,771
7385,1014,779
7390,1023,771
7395,1033,768
7400,1050,767
7405,1057,772
7410,1058,772
7415,1074,764
7420,1083,764
7425,1095,773
7430,1097,766
7435,1106,763
7440,1117,759
7445,1120,770
7450,1132,767
7455,1134,766
7460,1134,762
7465,1150,761
7470,1158,759
7475,1153,759
7480,1160,753
7485,1168,761
7490,1163,755
7495,1176,759
7500,1181,761
7505,1178,765
7510,1176,761
7515,1182,764
7520,1178,764
7525,1181,755
7530,1182,761
7535,1180,763
7540,1188,766
7545,1192,767
7550,1194,766
7555,1184,765
7560,1188,769
7565,1187,767
7570,1186,766
7575,1186,770
7580,1184,765
7585,1177,777
7590,1170,772
7595,1174,776
7600,1173,775
7605,1181,776
7610,1165,774
7615,1162,782
7620,1160,782
7625,1154,782
7630,1154,780
7635,1153,788
7640,1150,781
7645,1153,785
7650,1146,791
7655,1136,792
7660,1143,792
7665,1141,796
7670,1138,798
7675,1129,800
7680,1133,800
7685,1125,798
7690,1125,805
7695,1120,805
7700,1114,812
7705,1109,807
7710,1110,813
7715,1120,811
7720,1110,818
7725,1123,812
7730,1104,817
7735,1113,818
7740,1100,811
7745,1093,809
7750,1093,822
7755,1095,826
7760,1078,818
7765,1095,822
7770,1092,823
7775,1092,822
7780,1093,830
7785,1080,822
7790,1076,825
7795,1080,826
7800,1070,830
7805,1063,828
7810,1070,827
7815,1070,826
7820,1068,826
7825,1073,827
7830,1065,827
7835,1062,822
7840,1064,829
7845,1057,828
7850,1055,834
7855,1048,829
7860,1027,823
7865,1046,826
7870,1035,829
7875,1039,830
7880,1031,829
7885,1025,830
7890,1004,828
7895,1015,824
7900,1016,828
7905,993,828
7910,990,821
7915,987,828
7920,981,825
7925,980,822
7930,968,822
7935,954,822
7940,955,821
7945,950,824
7950,954,822
7955,925,821
7960,922,823
7965,923,818
7970,901,820
7975,908,821
7980,893,819
7985,883,819
7990,876,820
7995,871,818
8000,864,821
8005,846,815
8010,851,815
8015,849,816
8020,832,817
8025,824,817
8029,828,821
8035,812,818
8039,808,819
8045,793,809
8050,798,810
8055,785,815
8060,785,807
8064,782,812
8070,773,810
8074,772,816
8080,768,810
8085,759,813
8090,752,816
8095,754,810
8100,759,810
8105,744,809
8109,754,810
8115,741,805
8119,752,812
8125,746,811
8130,752,806
8135,743,811
8140,751,810
8145,752,801
8150,757,812
8154,760,807
8160,762,809
8164,770,807
8170,771,806
8175,779,807
8180,776,804
8185,785,806
8189,799,800
8195,798,801
8200,799,802
8205,820,800
8210,818,799
8215,822,797
8220,838,797
8225,848,795
8230,840,793
8235,857,792
8240,865,796
8245,879,791
8250,893,793
8255,899,788
8260,909,786
8265,928,787
8270,927,788
8275,944,782
8280,958,783
8285,968,780
8290,980,778
8295,979,780
8300,998,780
8305,1004,778
8310,1025,772
8315,1019,772
8320,1036,772
8325,1029,772
8330,1059,771
8335,1056,768
8340,1076,768
8345,1076,768
8350,1090,767
8355,1099,767
8360,1104,764
8365,1106,766
8370,1113,761
8375,1134,758
8380,1134,756
8385,1138,763
8390,1152,764
8395,1142,760
8400,1149,760
8405,1159,759
8410,1164,765
8415,1166,754
8420,1175,763
8425,1169,760
8430,1186,760
8435,1181,759
8440,1183,759
8445,1187,758
8450,1195,755
8455,1180,762
8460,1187,765
8465,1184,764
8470,1186,765
8475,1188,762
8480,1184,765
8485,1198,766
8490,1187,770
8495,1187,767
8500,1185,774
8505,1178,771
8510,1177,778
8515,1180,777
8520,1174,773
8525,1166,769
8530,1169,783
8535,1164,782
8540,1170,781
8545,1152,780
8550,1146,780
8555,1161,785
8560,1152,788
8565,1165,789
8570,1145,782
8575,1149,793
8580,1139,788
8585,1138,791
8590,1131,799
8595,1137,802
8600,1133,799
8605,1122,802
8610,1126,808
8615,1131,806
8620,1119,807
8625,1112,805
8630,1121,808
8635,1119,806
8640,1115,809
8645,1115,816
8650,1109,818
8655,1104,820
8660,1108,813
8665,1104,815
8670,1094,822
8675,1100,819
8680,1099,821
8685,1088,829
8690,1089,824
8695,1088,823
8700,1092,830
8705,1088,822
8710,1079,824
8715,1091,827
8720,1078,825
8725,1076,824
8730,1074,829
8735,1080,831
8740,1072,827
8745,1071,825
8750,1071,831
8755,1065,830
8760,1068,835
8765,1054,829
8770,1057,829
8775,1044,827
8780,1050,828
8785,1038,832
8790,1040,821
8795,1034,829
8800,1028,827
8805,1029,829
8810,1019,827
8815,1016,824
8820,1016,828
8825,1007,830
8830,1004,828
8835,997,828
8840,992,822
8845,985,825
8850,987,822
8855,969,823
8860,965,824
8865,949,827
8870,953,826
8875,948,824
8880,933,823
8885,938,824
8890,913,823
8895,909,822
8900,900,818
8905,895,818
8910,892,817
8915,878,820
8920,858,825
8925,868,823
8930,857,810
8935,847,816
8940,852,813
8945,835,817
8950,835,816
8955,815,810
8960,813,817
8965,808,814
8970,802,816
8975,788,816
8980,781,816
8985,778,815
8990,770,814
8995,772,815
9000,772,809
9005,766,815
9010,770,816
9015,755,813
9020,757,809
9025,749,816
9030,756,809
9035,754,812
9040,752,809
9045,741,811
9050,740,810
9055,749,807
9060,742,811
9065,746,808
9070,759,807
9075,753,807
9080,752,805
9085,765,806
9090,770,807
9095,763,804
9100,773,802
9105,781,805
9110,788,805
9115,792,799
9120,793,797
9125,801,800
9130,809,798
9135,824,800
9140,833,800
9145,825,795
9150,844,798
9155,855,793
9160,864,794
9165,867,793
9170,880,789
9175,888,793
9180,908,790
9185,914,794
9190,919,786
9195,935,789
9200,939,787
9205,956,778
9210,969,780
9215,972,780
9220,979,784
9225,999,775
9230,1010,778
9235,1010,778
9240,1021,775
9245,1037,777
9250,1044,774
9255,1048,768
9260,1063,773
9265,1074,771
9270,1082,765
9275,1085,771
9280,1097,768
9285,1105,767
9290,1120,765
9295,1119,763
9300,1120,756
9305,1132,768
9310,1145,761
9315,1144,765
9320,1153,765
9325,1149,765
9330,1161,760
9335,1158,755
9340,1171,763
9345,1174,760
9350,1181,760
9355,1175,765
9360,1175,761
9365,1180,760
9370,1182,762
9375,1177,756
9380,1183,763
9385,1187,760
9390,1185,764
9395,1188,763
9400,1193,764
9405,1186,768
9410,1187,762
9415,1180,771
9420,1184,767
9425,1184,774
9430,1178,774
9435,1177,773
9440,1179,775
9445,1174,774
9450,1181,778
9455,1165,777
9460,1162,778
9465,1154,778
9470,1159,781
9475,1154,784
9480,1158,785
9485,1155,786
9490,1161,788
9495,1150,788
9500,1145,795
9505,1139,798
9510,1143,793
9515,1144,799
9520,1134,804
9525,1133,797
9530,1131,800
9535,1128,807
9540,1128,804
9545,1120,807
9550,1113,809
9555,1118,810
9560,1118,812
9565,1100,813
9570,1109,806
9575,1119,814
9580,1113,815
9585,1096,821
9590,1096,817
9595,1097,824
9600,1095,819
9605,1099,814
9610,1085,816
9615,1098,820
9620,1083,827
9625,1081,830
9630,1077,827
9635,1075,826
9640,1080,827
9645,1079,827
9650,1081,825
9655,1079,824
9660,1066,826
9665,1074,826
9670,1067,828
9675,1076,827
9680,1057,832
9685,1058,827
9690,1060,830
9695,1063,825
9700,1048,832
9705,1045,828
9710,1046,831
9715,1042,830
9720,1041,823
9725,1036,829
9730,1030,836
9735,1029,823
9740,1010,826
9745,1014,827
9750,1015,830
9755,996,826
9760,982,830
9765,988,825
9770,984,826
9775,970,824
9780,968,827
9785,964,824
9790,958,822
9795,952,817
9800,939,817
9805,934,825
9810,930,819
9815,920,822
9820,915,823
9825,898,821
9830,903,820
9835,883,827
9840,885,821
9845,870,821
9850,866,816
9855,853,823
9860,848,816
9865,843,812
9870,827,812
9875,829,814
9880,814,823
9885,808,816
9890,804,820
9895,798,814
9900,799,812
9905,787,816
9910,784,811
9915,779,813
9920,774,817
9925,772,815
9930,766,812
9935,759,813
9940,750,818
9945,753,808
9950,741,812
9955,757,813
9960,752,809
9965,747,813
9970,742,809
9975,751,806
9980,741,809
9985,751,807
9990,745,811
9995,762,810
10000,757,806
10005,763,806
10010,754,806
10015,761,803
10020,772,804
10025,774,806
10030,774,806
10035,785,802
10040,797,803
10045,801,800
10050,807,803
10055,803,803
10060,822,798
10065,831,797
10070,836,793
10075,839,795
10080,842,799
10085,867,794
10090,871,793
10095,885,794
10100,897,791
10105,903,788
10110,912,789
10115,921,788
10120,931,785
10125,946,787
10130,953,781
10135,961,779
10140,969,782
10145,990,782
10150,989,776
10155,1005,779
10160,1007,774
10165,1029,769
10170,1033,774
10175,1046,770
10180,1060,775
10185,1062,768
10190,1070,768
10195,1081,766
10200,1100,769
10205,1105,766
10210,1100,766
10215,1118,764
10220,1112,767
10225,1126,760
10230,1126,763
10235,1137,759
10240,1146,760
10245,1145,761
10250,1162,758
10255,1159,762
10260,1162,761
10265,1172,765
10270,1175,756
10275,1175,761
10280,1178,760
10285,1172,763
10290,1184,759
10295,1182,759
10300,1188,763
10305,1186,764
10310,1184,768
10315,1179,766
10320,1187,764
10325,1187,763
10330,1193,762
10335,1180,772
10340,1186,766
10345,1183,772
10350,1182,773
10355,1167,767
10360,1172,774
10365,1173,771
10370,1179,779
10375,1177,773
10380,1176,774
10385,1175,783
10390,1165,778
10395,1156,781
10400,1155,786
10405,1166,785
10410,1150,788
10415,1157,788
10420,1151,787
10425,1139,791
10430,1135,795
10435,1127,796
10440,1128,797
10445,1129,802
10450,1139,800
10455,1130,803
10460,1134,801
10465,1122,798
10470,1121,812
10475,1116,810
10480,1121,810
10485,1110,816
10490,1106,811
10495,1110,814
10500,1101,821
10505,1101,811
10510,1109,816
10515,1108,813
10520,1102,818
10525,1103,820
10530,1097,817
10535,1092,823
10540,1091,820
10545,1092,825
10550,1096,819
10555,1092,824
10560,1091,826
10565,1082,827
10570,1080,829
10575,1081,830
10580,1089,825
10585,1075,827
10590,1076,828
10595,1075,828
10600,1066,828
10605,1067,828
10610,1056,830
10615,1071,822
10620,1059,827
10625,1051,831
10630,1048,828
10635,1041,829
10640,1044,831
10645,1028,829
10650,1036,823
10655,1022,830
10660,1023,830
10665,1010,826
10670,1018,825
10675,1012,820
10680,995,828
10685,995,830
10690,981,826
10695,979,821
10700,974,827
10705,961,821
10710,963,826
10715,959,822
10720,947,827
10725,939,820
10730,926,825
10735,923,817
10740,919,816
10745,911,824
10750,903,821
10755,897,824
10760,889,821
10765,875,814
10770,872,816
10775,864,814
10780,860,815
10785,849,822
10790,834,814
10795,834,818
10800,823,818
10805,815,820
10810,817,819
10815,807,819
10820,796,814
10825,800,814
10830,795,814
10835,796,811
10840,781,820
10845,763,814
10850,764,817
10855,763,811
10860,762,817
10865,757,813
10870,767,813
10875,752,815
10880,754,811
10885,747,807
10890,752,805
10895,749,809
10900,757,807
10905,756,807
10910,745,808
10915,750,803
10920,753,805
10925,742,811
10930,747,806
10935,758,804
10940,766,803
10945,770,809
10950,775,805
10955,785,804
10960,792,805
10965,794,794
10970,789,797
10975,805,793
10980,815,801
10985,819,794
10990,828,793
10995,833,787
11000,834,795
11005,852,790
11010,863,793
11015,873,794
11020,878,791
11025,886,788
11030,896,793
11035,919,784
11040,921,786
11045,933,788
11050,935,781
11055,956,780
11060,959,784
11065,980,779
11070,983,777
11075,1000,780
11080,995,777
11085,1029,773
11090,1029,777
11095,1026,770
11100,1049,771
11105,1054,768
11110,1063,766
11115,1082,768
11120,1084,767
11125,1091,769
11130,1103,775
11135,1106,767
11140,1109,757
11145,1123,763
11150,1121,755
11155,1144,763
11160,1136,765
11165,1141,759
11170,1150,760
11175,1157,761
11180,1153,762
11185,1167,757
11190,1171,765
11195,1166,756
11200,1184,766
11205,1188,758
11210,1175,760
11215,1184,762
11220,1193,762
11225,1186,761
11230,1184,764
11235,1188,767
11240,1183,761
11245,1193,767
11250,1190,764
11255,1193,764
11260,1198,764
11265,1187,765
11270,1181,768
11275,1177,767
11280,1190,770
11285,1173,772
11290,1176,777
11295,1170,776
11300,1166,778
11305,1166,774
11310,1177,776
11315,1165,779
11320,1164,784
11325,1161,782
11330,1157,781
11335,1142,784
11340,1155,782
11345,1145,786
11350,1145,785
11355,1140,794
11360,1139,799
11365,1138,798
11370,1141,798
11375,1123,800
11380,1127,802
11385,1128,800
11390,1129,805
11395,1109,804
11400,1118,806
11405,1111,809
11410,1108,810
11415,1118,815
11420,1105,810
11425,1103,814
11430,1113,815
11435,1101,818
11440,1096,821
11445,1098,821
11450,1088,824
11455,1092,817
11460,1091,820
11465,1082,826
11470,1085,825
11475,1088,830
11480,1094,828
11485,1080,829
11490,1080,827
11495,1078,825
11500,1080,833
11505,1075,823
11510,1073,828
11515,1066,832
11520,1069,832
11525,1070,833
11530,1058,833
11535,1063,829
11540,1048,829
11545,1056,829
11550,1053,830
11555,1050,831
11560,1040,827
11565,1039,825
11570,1038,830
11575,1035,827
11580,1023,828
11585,1018,824
11590,1019,825
11595,1013,829
11600,999,826
11605,1000,824
11610,1001,829
11615,987,826
11620,979,828
11625,973,825
11630,965,821
11635,962,820
11640,953,817
11645,947,821
11650,941,822
11655,925,826
11660,930,819
11665,924,819
11670,917,815
11675,903,820
11680,892,816
11685,891,822
11690,877,819
11695,863,818
11700,865,816
11705,849,815
11710,851,815
11715,840,811
11720,835,814
11725,828,814
11730,826,814
11735,813,812
11740,812,814
11745,797,819
11750,793,817
11755,784,813
11760,780,821
11765,767,812
11770,777,808
11775,765,815
11780,767,812
11785,767,815
11790,752,818
11795,753,815
11800,751,813
11805,749,809
11810,742,810
11815,750,815
11820,741,815
11825,746,807
11830,747,813
11835,747,815
11840,754,805
11845,750,806
11850,750,808
11855,765,805
11860,762,806
11865,762,804
11870,770,804
11875,768,803
11880,776,800
11885,793,798
11890,789,803
11895,798,802
11900,802,801
11905,804,803
11910,823,795
11915,831,797
11920,836,794
11925,839,798
11930,869,792
11935,861,799
11940,863,793
11945,885,788
11950,885,791
11955,903,788
11960,920,790
11965,915,786
11970,942,784
11975,941,787
11980,944,782
11985,974,780
11990,978,783
11995,985,781
12000,1001,776
12005,1006,777
12010,1016,772
12015,1028,773
12020,1036,771
12025,1047,775
12030,1046,773
12035,1065,772
12040,1080,771
12045,1083,771
12050,1091,765
12055,1095,768
12060,1110,762
12065,1112,767
12070,1115,764
12075,1118,763
12080,1140,760
12085,1130,760
12090,1147,762
12095,1152,761
12100,1161,761
12105,1158,762
12110,1170,755
12115,1169,762
12120,1175,756
12125,1180,763
12130,1188,762
12135,1174,767
12140,1188,760
12145,1185,761
12150,1186,762
12155,1199,771
12160,1195,763
12165,1190,764
12170,1187,764
12175,1188,766
12180,1182,762
12185,1179,768
12190,1185,771
12195,1180,768
12200,1187,768
12205,1180,773
12210,1177,775
12215,1179,775
12220,1178,775
12225,1173,777
12230,1165,778
12235,1174,777
12240,1159,781
12245,1152,782
12250,1157,782
12255,1158,790
12260,1150,785
12265,1160,784
12270,1147,793
12275,1142,793
12280,1148,795
12285,1128,794
12290,1141,799
12295,1126,803
12300,1138,797
12305,1128,800
12310,1130,800
12315,1119,806
12320,1118,806
12325,1119,808
12330,1117,807
12335,1117,812
12340,1110,814
12345,1125,817
12350,1109,812
12355,1110,816
12360,1101,816
12365,1098,820
12370,1104,820
12375,1102,822
12380,1081,821
12385,1095,821
12390,1093,819
12395,1094,819
12400,1078,826
12405,1088,826
12410,1084,824
12415,1076,827
12420,1073,833
12425,1076,828
12430,1067,834
12435,1068,831
12440,1081,833
12445,1062,830
12450,1073,831
12455,1071,826
12460,1060,827
12465,1064,829
12470,1060,830
12475,1050,829
12480,1051,834
12485,1039,826
12490,1043,825
12495,1040,825
12500,1032,825
12505,1032,828
12510,1020,823
12515,1018,830
12520,1012,825
12525,1002,828
12530,1008,825
12535,996,827
12540,987,823
12545,981,819
12550,974,829
12555,964,825
12560,957,821
12565,956,822
12570,953,819
12575,945,824
12580,931,823
12585,931,822
12590,921,822
12595,915,826
12600,897,820
12605,897,825
12610,893,813
12615,874,821
12620,866,821
12625,868,820
12630,852,813
12635,841,813
12640,842,819
12645,831,812
12650,827,816
12655,816,820
12660,810,818
12665,801,814
12670,798,815
12675,794,815
12680,791,814
12685,793,815
12690,777,816
12695,774,810
12700,775,809
12705,767,807
12710,759,811
12715,755,815
12720,746,813
12725,751,814
12730,752,809
12735,749,808
12740,755,811
12745,754,813
12750,740,812
12755,748,806
12760,753,812
12765,750,807
12770,761,807
12775,752,807
12780,752,806
12785,763,808
12790,763,804
12795,763,806
12800,777,810
12805,772,801
12810,786,800
12815,785,799
12820,799,798
12825,803,799
12830,806,793
12835,829,798
12840,823,797
12845,834,794
12850,842,797
12855,846,792
12860,867,790
12865,860,791
12870,886,793
12875,889,789
12880,902,782
12885,906,786
12890,920,787
12895,939,786
12900,951,788
12905,960,781
12910,973,779
12915,973,783
12920,983,776
12925,1002,783
12930,1005,776
12935,1019,772
12940,1023,771
12945,1034,775
12950,1055,768
12955,1056,774
12960,1062,772
12965,1080,770
12970,1089,766
12975,1090,767
12980,1092,766
12985,1102,765
12990,1110,768
12995,1123,764
13000,1125,760
13005,1130,763
13010,1144,766
13015,1144,758
13020,1152,762
13025,1152,765
13030,1157,762
13035,1162,753
13040,1175,763
13045,1179,758
13050,1183,763
13055,1184,761
13060,1171,755
13065,1176,761
13070,1184,762
13075,1187,762
13080,1185,757
13085,1191,759
13090,1180,760
13095,1185,757
13100,1195,764
13105,1195,764
13110,1186,768
13115,1182,770
13120,1190,766
13125,1184,769
13130,1183,773
13135,1181,773
13140,1170,770
13145,1179,773
13150,1179,778
13155,1167,778
13160,1168,779
13165,1170,783
13170,1161,776
13175,1156,782
13180,1155,782
13185,1155,790
13190,1145,785
13195,1148,786
13200,1142,794
13205,1134,794
13210,1140,797
13215,1139,797
13220,1129,799
13225,1124,795
13230,1125,802
13235,1129,800
13240,1119,803
13245,1125,807
13250,1113,804
13255,1119,807
13260,1114,813
13265,1105,810
13270,1108,812
13275,1112,810
13280,1107,817
13285,1097,819
13290,1104,816
13295,1097,819
13300,1094,819
13305,1101,815
13310,1103,819
13315,1097,819
13320,1082,824
13325,1088,824
13330,1085,832
13335,1088,822
13340,1081,820
13345,1076,823
13350,1072,827
13355,1083,826
13360,1071,829
13365,1073,827
13370,1066,834
13375,1069,830
13380,1062,829
13385,1062,835
13390,1046,833
13395,1061,823
13400,1050,827
13405,1046,831
13410,1038,833
13415,1040,827
13420,1035,826
13425,1035,825
13430,1027,824
13435,1019,823
13440,1017,833
13445,1010,821
13450,1005,825
13455,1001,822
13460,989,823
13465,980,824
13470,987,825
13475,966,832
13480,965,823
13485,958,820
13490,947,816
13495,935,824
13500,944,818
13505,934,819
13510,918,819
13515,908,822
13520,908,822
13525,906,819
13530,888,819
13535,892,821
13540,871,825
13545,869,820
13550,862,815
13555,847,823
13560,856,816
13565,841,820
13570,827,812
13575,831,815
13580,817,817
13585,816,817
13590,807,815
13595,802,813
13600,795,817
13605,791,810
13610,769,813
13615,780,813
13620,773,819
13625,768,812
13630,772,812
13635,765,814
13640,756,813
13645,763,807
13650,753,817
13655,741,812
13660,751,810
13665,748,809
13670,748,813
13675,752,811
13680,749,808
13685,749,805
13690,741,810
13695,751,812
13700,757,807
13705,764,804
13710,763,806
13715,758,805
13720,772,809
13725,775,804
13730,769,804
13735,779,804
13740,790,803
13745,801,800
13750,811,799
13755,810,798
13760,821,798
13765,834,792
13770,832,796
13775,846,799
13780,851,800
13785,867,796
13790,870,792
13795,884,786
13800,885,788
13805,913,788
13810,915,786
13815,926,787
13820,938,786
13825,955,781
13830,948,787
13835,967,782
13840,975,783
13845,989,779
13850,991,781
13855,1007,776
13860,1015,777
13865,1023,773
13870,1029,770
13875,1048,777
13880,1054,770
13885,1062,772
13890,1069,770
13895,1074,771
13900,1096,766
13905,1096,769
13910,1105,769
13915,1108,761
13920,1118,763
13925,1132,761
13930,1147,766
13935,1146,762
13940,1159,768
13945,1156,757
13950,1160,762
13955,1161,757
13960,1161,763
13965,1170,758
13970,1169,759
13975,1170,760
13980,1181,756
13985,1190,763
13990,1181,759
13995,1193,764
14000,1183,765
14005,1192,770
14010,1187,760
14015,1180,765
14020,1188,763
14025,1189,762
14030,1186,765
14035,1190,763
14040,1183,765
14045,1184,772
14050,1181,769
14055,1179,773
14060,1177,770
14065,1182,776
14070,1176,771
14075,1169,780
14080,1173,777
14085,1168,774
14090,1164,780
14095,1164,787
14100,1165,782
14105,1165,786
14110,1153,792
14115,1151,790
14120,1148,800
14125,1140,790
14130,1140,790
14135,1135,799
14140,1139,802
14145,1122,792
14150,1124,797
14155,1133,803
14160,1126,802
14165,1110,806
14170,1117,803
14175,1118,802
14180,1119,811
14185,1103,811
14190,1105,812
14195,1109,812
14200,1105,813
14205,1102,817
14210,1100,817
14215,1096,815
14220,1103,819
14225,1101,821
14230,1092,823
14235,1083,822
14240,1093,818
14245,1088,824
14250,1087,828
14255,1087,828
14260,1087,827
14265,1076,829
14270,1079,828
14275,1078,827
14280,1078,828
14285,1064,825
14290,1070,829
14295,1060,829
14300,1065,831
14305,1068,831
14310,1065,829
14315,1062,828
14320,1055,831
14325,1052,829
14330,1046,830
14335,1040,828
14340,1041,831
14345,1033,830
14350,1021,833
14355,1031,834
14360,1019,828
14365,1015,830
14370,1008,827
14375,1002,823
14380,993,822
14385,994,830
14390,987,831
14395,977,821
14400,970,823
14405,960,825
14410,951,824
14415,957,818
14420,945,827
14425,944,821
14430,920,820
14435,921,826
14440,924,825
14445,916,823
14450,906,817
14455,899,817
14460,882,817
14465,880,816
14470,868,819
14475,872,821
14480,850,819
14485,847,814
14490,837,817
14495,828,819
14500,829,820
14505,816,822
14510,813,815
14515,813,814
14520,801,815
14525,790,813
14530,790,811
14535,781,814
14540,773,817
14545,771,815
14550,767,817
14555,761,813
14560,771,810
14565,747,811
14570,762,813
14575,755,812
14580,754,810
14585,749,810
14590,759,813
14595,744,812
14600,750,807
14605,745,809
14610,757,807
14615,759,813
14620,744,812
14625,758,808
14630,763,809
14635,758,809
14640,769,804
14645,773,801
14650,778,801
14655,788,806
14660,781,804
14665,791,797
14670,799,803
14675,796,801
14680,821,797
14685,816,800
14690,817,796
14695,834,796
14700,838,793
14705,851,791
14710,872,792
14715,865,791
14720,887,787
14725,888,791
14730,903,798
14735,915,787
14740,921,785
14745,944,782
14750,941,783
14755,960,782
14760,963,780
14765,975,776
14770,990,781
14775,988,780
14780,1024,778
14785,1018,778
14790,1023,778
14795,1036,772
14800,1045,774
14805,1060,774
14810,1068,765
14815,1074,772
14820,1078,766
14825,1092,763
14830,1103,764
14835,1110,767
14840,1120,766
14845,1124,768
14850,1132,766
14855,1143,766
14860,1147,759
14865,1147,760
14870,1147,766
14875,1156,763
14880,1153,759
14885,1169,765
14890,1170,759
14895,1170,764
14900,1186,762
14905,1177,759
14910,1185,758
14915,1176,761
14920,1186,769
14925,1183,759
14930,1184,760
14935,1186,754
14940,1183,760
14945,1182,759
14950,1184,766
14955,1183,768
14960,1196,765
14965,1178,771
14970,1186,770
14975,1176,773
14980,1177,768
14985,1171,768
14990,1175,778
14995,1175,775
15000,1175,775
15005,1169,774
15010,1165,780
15015,1166,783
15020,1152,789
15025,1157,783
15030,1152,786
15035,1153,786
15040,1149,781
15045,1148,789
15050,1146,798
15055,1144,791
15060,1125,798
15065,1139,796
15070,1126,800
15075,1139,797
15080,1129,805
15085,1119,807
15090,1122,804
15095,1127,809
15100,1119,812
15105,1113,812
15110,1120,805
15115,1111,806
15120,1104,816
15125,1108,816
15130,1108,820
15135,1104,818
15140,1101,819
15145,1092,819
15150,1092,821
15155,1092,819
15160,1091,821
15165,1092,821
15170,1093,822
15175,1089,825
15180,1086,824
15185,1083,829
15190,1078,828
15195,1077,827
15200,1087,826
15205,1067,832
15210,1065,832
15215,1076,831
15220,1076,829
15225,1060,828
15230,1065,824
15235,1061,830
15240,1056,838
15245,1052,831
15250,1047,826
15255,1056,835
15260,1040,828
15265,1041,834
15270,1029,824
15275,1034,830
15280,1033,825
15285,1028,833
15290,1018,829
15295,1008,830
15300,1002,827
15305,1000,821
15310,990,823
15315,988,828
15320,982,827
15325,964,830
15330,963,824
15335,962,821
15340,948,818
15345,953,820
15350,943,821
15355,936,819
15360,924,825
15365,915,826
15370,916,817
15375,901,814
15380,896,821
15385,887,821
15390,887,824
15395,858,815
15400,865,818
15405,854,814
15410,847,824
15415,841,815
15420,827,813
15425,829,819
15430,818,819
15435,806,817
15440,798,818
15445,798,815
15450,792,812
15455,792,814
15460,785,810
15465,778,814
15470,764,812
15475,770,811
15480,767,806
15485,762,815
15490,754,811
15495,754,814
15500,748,817
15505,749,811
15510,742,810
15515,751,809
15520,756,809
15525,751,812
15530,746,804
15535,744,808
15540,759,813
15545,757,809
15550,765,808
15555,758,807
15560,758,803
15565,763,803
15570,772,804
15575,769,802
15580,775,804
15585,789,801
15590,789,806
15595,797,804
15600,803,795
15605,808,799
15610,821,797
15615,820,798
15620,840,792
15625,841,793
15630,857,797
15635,858,796
15640,880,788
15645,883,789
15650,891,788
15655,905,787
15660,921,786
15665,915,785
15670,931,786
15675,935,783
15680,963,786
15685,961,776
15690,981,779
15695,977,781
15700,998,776
15705,1007,773
15710,1025,770
15715,1022,775
15720,1040,770
15725,1047,775
15730,1061,766
15735,1067,768
15740,1081,767
15745,1082,768
15750,1094,766
15755,1093,765
15760,1117,766
15765,1115,766
15770,1123,759
15775,1128,773
15780,1132,761
15785,1139,757
15790,1147,759
15795,1149,764
15800,1157,759
15805,1172,764
15810,1173,752
15815,1168,760
15820,1169,759
15825,1167,763
15830,1183,757
15835,1185,761
15840,1182,758
15845,1182,760
15850,1188,761
15855,1188,766
15860,1183,760
15865,1180,763
15870,1185,761
15875,1188,768
15880,1196,765
15885,1178,765
15890,1186,767
15895,1184,770
15900,1190,769
15905,1181,765
15910,1169,770
15915,1175,778
15920,1179,770
15925,1169,777
15930,1169,773
15935,1162,785
15940,1168,782
15945,1162,783
15950,1165,781
15955,1158,787
15960,1152,785
15965,1154,786
15970,1146,790
15975,1140,792
15980,1138,798
15985,1145,796
15990,1131,799
15995,1126,799
16000,1130,802
16004,1130,800
16010,1122,805
16015,1122,803
16020,1114,807
16024,1115,802
16030,1118,811
16035,1114,817
16040,1119,811
16045,1097,814
16050,1101,816
16055,1102,809
16059,1101,817
16065,1094,815
16070,1096,822
16075,1108,820
16079,1097,818
16085,1088,822
16090,1082,822
16094,1089,823
16100,1092,823
16105,1087,823
16110,1088,828
16114,1077,824
16120,1082,832
16125,1076,823
16129,1078,827
16135,1076,835
16140,1076,829
16145,1076,825
16149,1067,830
16155,1068,827
16160,1071,829
16165,1058,828
16170,1053,826
16175,1053,830
16180,1045,831
16184,1033,829
16190,1028,829
16195,1037,825
16200,1027,830
16204,1022,825
16210,1017,826
16215,1013,830
16219,1007,827
16225,999,825
16230,1000,824
16235,1000,824
16239,985,826
16245,973,824
16250,981,828
16254,968,820
16260,956,822
16265,956,820
16270,956,827
16274,939,824
16280,937,825
16285,924,821
16290,913,821
16295,906,824
16300,904,818
16305,898,824
16309,891,821
16315,890,820
16320,879,813
16325,868,814
16329,850,820
16335,847,817
16340,834,817
16344,836,808
16350,829,818
16355,821,818
16360,815,817
16364,807,816
16370,804,806
16375,790,816
16379,791,812
16385,778,812
16390,773,817
16395,779,815
16400,775,816
16405,762,815
16410,755,818
16415,761,808
16420,754,807
16425,760,813
16430,761,812
16435,749,810
16440,739,811
16445,741,808
16450,744,805
16455,750,810
16460,739,815
16465,746,813
16470,750,808
16475,755,802
16480,762,804
16485,761,806
16490,769,807
16495,774,804
16500,766,802
16505,775,800
16510,783,804
16515,786,797
16520,802,797
16525,807,795
16530,814,797
16535,814,802
16540,826,792
16545,844,797
16550,840,795
16555,851,791
16560,867,792
16565,878,791
16570,893,790
16575,889,788
16580,897,790
16585,911,787
16590,923,782
16595,930,779
16600,940,782
16605,962,779
16610,958,788
16615,962,781
16620,989,776
16625,998,774
16630,1009,781
16635,1018,772
16640,1031,777
16645,1037,771
16650,1051,770
16655,1061,770
16660,1061,771
16665,1075,773
16670,1081,765
16675,1099,771
16680,1109,761
16685,1112,766
16690,1114,768
16695,1123,762
16700,1126,762
16705,1136,757
16710,1150,764
16715,1147,760
16720,1148,764
16725,1152,765
16730,1163,762
16735,1170,762
16740,1169,760
16745,1169,764
16750,1175,762
16755,1185,763
16760,1176,758
16765,1184,762
16770,1187,762
16775,1185,763
16780,1189,759
16785,1184,763
16790,1195,762
16795,1189,763
16800,1188,764
16805,1184,764
16810,1192,770
16815,1177,767
16820,1183,771
16825,1176,773
16830,1179,765
16835,1179,776
16840,1187,774
16845,1181,776
16850,1167,777
16855,1163,780
16860,1162,776
16865,1162,782
16870,1160,792
16875,1158,789
16880,1158,787
16885,1156,793
16890,1145,792
16895,1154,794
16900,1142,788
16905,1138,795
16910,1137,799
16915,1130,798
16920,1129,803
16925,1133,803
16930,1133,802
16935,1128,806
16940,1121,806
16945,1112,806
16950,1123,806
16955,1115,815
16960,1110,808
16965,1123,815
16970,1112,814
16975,1106,816
16980,1102,813
16985,1108,817
16990,1103,816
16995,1093,818
17000,1095,820
17005,1092,825
17010,1088,825
17015,1094,822
17020,1090,815
17025,1083,827
17030,1085,825
17035,1084,816
17040,1087,832
17045,1080,829
17050,1077,827
17055,1077,828
17060,1079,832
17065,1073,829
17070,1065,823
17075,1070,825
17080,1068,824
17085,1057,831
17090,1058,825
17095,1043,826
17100,1037,831
17105,1048,830
17110,1038,825
17115,1033,832
17120,1036,827
17125,1026,828
17130,1022,827
17135,1018,823
17140,1016,830
17145,1013,827
17150,1006,830
17155,1001,826
17160,996,828
17165,983,818
17170,977,824
17175,978,819
17180,976,822
17185,971,823
17190,950,826
17195,945,827
17200,933,818
17205,931,826
17210,927,818
17215,915,819
17220,908,819
17225,901,821
17230,890,819
17235,888,822
17240,874,816
17245,870,816
17250,861,816
17255,860,820
17260,853,810
17265,829,819
17270,847,819
17275,823,814
17280,824,813
17285,810,815
17290,807,818
17295,795,810
17300,794,817
17305,792,813
17310,786,811
17315,773,811
17320,779,816
17325,771,816
17330,764,819
17335,766,814
17340,764,807
17345,749,812
17350,751,813
17355,756,814
17360,750,814
17365,745,808
17370,741,814
17375,756,803
17380,750,812
17385,750,807
17390,748,807
17395,758,806
17400,757,809
17405,757,806
17410,751,809
17415,769,811
17420,773,802
17425,779,799
17430,776,798
17435,788,805
17440,795,801
17445,799,798
17450,804,800
17455,815,797
17460,822,793
17465,828,793
17470,836,799
17475,848,797
17480,865,794
17485,863,794
17490,874,788
17495,879,795
17500,896,785
17505,906,789
17510,914,793
17515,923,783
17520,929,787
17525,945,786
17530,947,786
17535,958,776
17540,975,778
17545,993,778
17550,988,780
17555,1009,781
17560,1017,777
17565,1028,771
17570,1036,777
17575,1043,770
17580,1055,773
17585,1061,774
17590,1075,769
17595,1082,763
17600,1091,768
17605,1106,766
17610,1109,767
17615,1106,766
17620,1119,759
17625,1123,760
17630,1135,762
17635,1135,762
17640,1151,765
17645,1156,763
17650,1153,764
17655,1167,764
17660,1176,758
17665,1173,762
17670,1172,762
17675,1176,761
17680,1186,754
17685,1181,761
17690,1185,759
17695,1175,758
17700,1188,764
17705,1181,763
17710,1187,760
17715,1193,767
17720,1188,768
17725,1193,766
17730,1201,761
17735,1182,767
17740,1186,768
17745,1177,769
17750,1178,771
17755,1179,771
17760,1179,772
17765,1175,774
17770,1180,776
17775,1174,781
17780,1173,779
17785,1162,783
17790,1164,777
17795,1161,785
17800,1163,779
17805,1153,782
17810,1155,785
17815,1152,790
17820,1140,797
17825,1152,791
17830,1142,804
17835,1146,796
17840,1133,802
17845,1127,801
17850,1133,799
17855,1128,806
17860,1122,803
17865,1127,807
17870,1127,806
17875,1114,801
17880,1111,813
17885,1115,809
17890,1122,808
17895,1111,812
17900,1101,820
17905,1105,816
17910,1102,815
17915,1105,822
17920,1097,820
17925,1099,819
17930,1100,824
17935,1089,826
17940,1081,822
17945,1085,822
17950,1087,823
17955,1083,826
17960,1082,824
17965,1077,826
17970,1080,824
17975,1082,822
17980,1077,827
17985,1075,828
17990,1073,828
17995,1071,823
18000,1057,830
18005,1058,826
18010,1054,825
18015,1066,832
18020,1055,831
18025,1044,825
18030,1049,827
18035,1043,822
18040,1040,834
18045,1037,834
18050,1028,830
18055,1025,831
18060,1029,829
18065,1022,827
18070,1007,832
18075,998,831
18080,1001,830
18085,995,823
18090,991,826
18095,977,820
18100,969,828
18105,952,820
18110,959,820
18115,946,821
18120,942,818
18125,938,822
18130,930,823
18135,918,819
18140,918,821
18145,904,822
18150,889,826
18155,899,822
18160,879,824
18165,887,820
18170,874,817
18175,871,819
18180,852,811
18185,845,821
18190,844,816
18195,825,816
18200,829,815
18205,815,816
18210,815,810
18215,804,814
18220,804,813
18225,802,815
18230,794,822
18235,776,812
18240,785,811
18245,782,818
18250,767,814
18255,767,811
18260,757,807
18265,768,813
18270,754,813
18275,750,813
18280,754,814
18285,755,809
18290,748,811
18295,747,814
18300,752,806
18305,752,810
18310,748,805
18315,752,805
18320,753,812
18325,751,805
18330,762,804
18335,759,805
18340,762,807
18345,757,800
18350,773,803
18355,778,801
18360,794,805
18365,789,799
18370,794,805
18375,807,800
18380,813,797
18385,824,797
18390,828,800
18395,834,798
18400,847,798
18405,852,792
18410,877,791
18415,874,786
18420,887,795
18425,895,789
18430,904,793
18435,924,789
18440,934,789
18445,929,790
18450,946,780
18455,956,785
18460,971,785
18465,981,784
18470,982,779
18475,997,775
18480,1001,778
18485,1012,772
18490,1028,776
18495,1040,777
18500,1042,770
18505,1063,773
18510,1062,772
18515,1075,768
18520,1085,769
18525,1095,769
18530,1102,766
18535,1108,763
18540,1115,761
18545,1122,764
18550,1131,759
18555,1134,762
18560,1147,764
18565,1153,766
18570,1146,763
18575,1155,759
18580,1165,763
18585,1166,765
18590,1182,757
18595,1167,760
18600,1178,762
18605,1183,757
18610,1183,763
18615,1183,763
18620,1190,759
18625,1189,756
18630,1191,765
18635,1185,766
18640,1189,760
18645,1200,764
18650,1200,768
18655,1189,767
18660,1195,770
18665,1182,768
18670,1194,771
18675,1181,770
18680,1184,775
18685,1172,771
18690,1175,774
18695,1176,776
18700,1172,780
18705,1171,778
18710,1167,773
18715,1176,787
18720,1164,781
18725,1149,787
18730,1149,785
18735,1157,789
18740,1151,790
18745,1148,791
18750,1135,793
18755,1140,792
18760,1141,797
18765,1130,798
18770,1128,800
18775,1129,798
18780,1123,800
18785,1122,799
18790,1125,802
18795,1127,810
18800,1114,804
18805,1104,806
18810,1115,812
18815,1114,812
18820,1107,811
18825,1113,818
18830,1108,817
18835,1102,821
18840,1089,815
18845,1103,818
18850,1094,820
18855,1099,820
18860,1098,821
18865,1088,825
18870,1088,828
18875,1084,823
18880,1088,824
18885,1077,830
18890,1082,823
18895,1082,833
18900,1065,827
18905,1073,834
18910,1080,824
18915,1061,822
18920,1072,828
18925,1066,828
18930,1062,829
18935,1057,827
18940,1053,829
18945,1043,829
18950,1050,831
18955,1044,830
18960,1049,827
18965,1041,830
18970,1037,830
18975,1019,827
18980,1021,834
18985,1022,834
18990,1023,829
18995,1014,831
19000,1004,826
19005,1000,827
19010,991,825
19015,986,829
19020,978,828
19025,972,822
19030,970,817
19035,967,824
19040,948,829
19045,943,825
19050,944,822
19055,929,814
19060,926,817
19065,907,823
19070,918,824
19075,899,826
19080,901,819
19085,884,819
19090,875,823
19095,867,809
19100,853,818
19105,860,821
19110,845,820
19115,847,819
19120,834,817
19125,820,815
19130,823,809
19135,812,814
19140,804,817
19145,803,817
19150,792,816
19155,797,813
19160,785,812
19165,784,814
19170,772,816
19175,769,810
19180,760,811
19185,771,812
19190,759,819
19195,748,807
19200,753,811
19205,740,814
19210,738,808
19215,748,815
19220,752,809
19225,754,808
19230,751,807
19235,751,810
19240,739,804
19245,764,804
19250,756,807
19255,758,803
19260,768,800
19265,772,803
19270,779,803
19275,770,802
19280,789,801
19285,788,798
19290,794,800
19295,805,802
19300,802,801
19305,814,798
19310,821,795
19315,835,799
19320,844,796
19325,847,799
19330,854,794
19335,859,796
19340,874,794
19345,885,794
19350,893,791
19355,899,791
19360,911,786
19365,933,781
19370,930,783
19375,941,788
19380,961,778
19385,974,779
19390,978,783
19395,987,779
19400,1000,784
19405,1008,776
19410,1017,778
19415,1028,776
19420,1040,776
19425,1046,772
19430,1049,775
19435,1061,771
19440,1078,761
19445,1081,769
19450,1099,765
19455,1095,764
19460,1106,766
19465,1123,769
19470,1123,759
19475,1124,760
19480,1140,761
19485,1144,767
19490,1150,764
19495,1153,756
19500,1161,759
19505,1155,761
19510,1167,760
19515,1166,759
19520,1167,755
19525,1175,760
19530,1174,766
19535,1179,756
19540,1188,763
19545,1188,762
19550,1193,760
19555,1188,763
19560,1183,764
19565,1187,757
19570,1186,762
19575,1195,765
19580,1188,764
19585,1183,767
19590,1187,765
19595,1179,767
19600,1179,773
19605,1182,769
19610,1181,774
19615,1182,776
19620,1173,775
19625,1176,775
19630,1163,778
19635,1171,778
19640,1167,780
19645,1159,788
19650,1167,786
19655,1150,786
19660,1149,790
19665,1141,786
19670,1148,786
19675,1142,792
19680,1143,792
19685,1137,791
19690,1130,797
19695,1136,797
19700,1137,799
19705,1127,805
19710,1123,806
19715,1121,809
19720,1120,813
19725,1117,812
19730,1112,807
19735,1109,806
19740,1111,811
19745,1108,811
19750,1111,816
19755,1105,817
19760,1098,814
19765,1096,819
19770,1096,817
19775,1100,819
19780,1093,820
19785,1093,826
19790,1087,819
19795,1089,820
19800,1091,824
19805,1080,823
19810,1090,824
19815,1087,820
19820,1080,826
19825,1073,826
19830,1067,833
19835,1077,832
19840,1063,828
19845,1069,832
19850,1065,824
19855,1068,826
19860,1054,826
19865,1062,825
19870,1053,830
19875,1053,834
19880,1050,831
19885,1041,821
19890,1038,828
19895,1029,827
19900,1032,825
19905,1027,828
19910,1024,825
19915,1020,827
19920,1004,821
19925,996,825
19930,1006,822
19935,988,821
19940,984,827
19945,978,819
19950,972,818
19955,973,824
19960,963,824
19965,951,828
19970,949,826
19975,945,825
19980,940,819
19985,916,823
19990,915,821
19995,910,821
20000,907,821
20005,889,814
20010,873,817
20015,874,816
20020,861,818
20025,855,811
20030,856,817
20035,841,821
20040,837,814
20045,835,813
20050,825,815
20055,822,817
20060,801,813
20065,807,818
20070,796,815
20075,789,823
20080,789,812
20085,779,813
20090,778,815
20095,768,811
20100,760,817
20105,762,812
20110,764,815
20115,749,812
20120,755,811
20125,755,815
20130,757,809
20135,747,805
20140,749,810
20145,745,810
20150,744,811
20155,746,807
20160,752,808
20165,754,808
20170,755,809
20175,768,807
20180,755,808
20185,754,806
20190,766,807
20195,770,807
20200,778,809
20205,779,805
20210,791,799
20215,791,801
20220,795,800
20225,803,803
20230,808,801
20235,824,797
20240,826,794
20245,835,792
20250,842,790
20255,856,797
20260,859,792
20265,866,792
20270,890,795
20275,902,793
20280,905,780
20285,915,787
20290,930,789
20295,940,786
20300,941,783
20305,970,778
20310,966,781
20315,972,780
20320,983,780
20325,989,779
20330,1006,770
20335,1026,777
20340,1030,776
20345,1033,769
20350,1034,768
20355,1062,765
20360,1063,773
20365,1083,768
20370,1080,768
20375,1098,766
20380,1106,761
20385,1113,764
20390,1113,758
20395,1122,763
20400,1121,762
20405,1136,767
20410,1145,763
20415,1150,762
20420,1160,765
20425,1160,761
20430,1159,763
20435,1182,757
20440,1176,762
20445,1176,757
20450,1172,758
20455,1177,760
20460,1186,758
20465,1185,763
20470,1185,759
20475,1187,762
20480,1194,763
20485,1179,760
20490,1195,761
20495,1183,765
20500,1183,768
20505,1187,767
20510,1182,767
20515,1179,771
20520,1179,768
20525,1185,769
20530,1173,775
20535,1178,767
20540,1170,776
20545,1171,777
20550,1169,773
20555,1164,775
20560,1174,786
20565,1165,786
20570,1164,782
20575,1159,784
20580,1157,784
20585,1153,792
20590,1152,794
20595,1143,793
20600,1134,791
20605,1145,793
20610,1139,800
20615,1130,799
20620,1137,801
20625,1134,800
20630,1125,805
20635,1117,803
20640,1121,799
20645,1119,804
20650,1117,809
20655,1125,812
20660,1116,813
20665,1108,812
20670,1110,813
20675,1112,815
20680,1100,812
20685,1109,822
20690,1100,816
20695,1097,821
20700,1099,819
20705,1095,813
20710,1090,824
20715,1086,829
20720,1094,829
20725,1085,821
20730,1082,827
20735,1087,830
20740,1085,827
20745,1088,830
20750,1082,828
20755,1082,831
20760,1068,828
20765,1072,828
20770,1068,833
20775,1068,829
20780,1065,839
20785,1056,828
20790,1055,833
20795,1051,827
20800,1054,828
20805,1050,824
20810,1041,829
20815,1039,829
20820,1046,835
20825,1034,826
20830,1017,826
20835,1021,827
20840,1010,830
20845,1009,824
20850,1006,827
20855,1006,824
20860,987,826
20865,978,828
20870,978,822
20875,973,822
20880,970,823
20885,963,823
20890,952,821
20895,945,818
20900,951,826
20905,928,819
20910,917,821
20915,919,816
20920,902,824
20925,896,825
20930,891,821
20935,882,826
20940,884,818
20945,862,820
20950,864,819
20955,852,813
20960,843,812
20965,847,815
20970,843,818
20975,818,815
20980,812,817
20985,808,824
20990,807,811
20995,799,817
21000,793,815
21005,781,812
21010,778,815
21015,773,811
21020,773,811
21025,764,810
21030,762,808
21035,770,810
21040,756,815
21045,755,810
21050,757,814
21055,747,813
21060,745,813
21065,753,815
21070,751,813
21075,741,810
21080,743,811
21085,740,812
21090,754,806
21095,760,809
21100,757,809
21105,759,807
21110,760,808
21115,762,805
21120,777,801
21125,770,805
21130,773,803
21135,777,808
21140,794,802
21145,800,800
21150,806,804
21155,821,800
21160,825,799
21165,823,793
21170,840,802
21175,848,791
21180,860,798
21185,862,798
21190,881,792
21195,894,787
21200,902,786
21205,902,786
21210,914,791
21215,927,785
21220,937,786
21225,933,778
21230,948,787
21235,973,786
21240,979,779
21245,981,774
21250,996,777
21255,1007,774
21260,1017,782
21265,1029,770
21270,1033,772
21275,1052,773
21280,1056,772
21285,1067,768
21290,1070,772
21295,1090,771
21300,1095,767
21305,1104,768
21310,1106,766
21315,1121,767
21320,1129,768
21325,1132,763
21330,1136,759
21335,1140,765
21340,1144,765
21345,1157,760
21350,1163,765
21355,1156,760
21360,1171,757
21365,1173,756
21370,1165,766
21375,1172,757
21380,1184,767
21385,1188,762
21390,1188,763
21395,1188,761
21400,1189,761
21405,1193,758
21410,1193,767
21415,1188,762
21420,1190,767
21425,1184,767
21430,1194,764
21435,1188,769
21440,1187,772
21445,1193,770
21450,1181,766
21455,1175,773
21460,1177,768
21465,1183,776
21470,1163,774
21475,1172,777
21480,1170,775
21485,1168,776
21490,1160,777
21495,1156,780
21500,1155,782
21505,1158,783
21510,1149,788
21515,1153,787
21520,1149,793
21525,1141,795
21530,1146,789
21535,1137,797
21540,1137,803
21545,1131,796
21550,1135,800
21555,1132,804
21560,1114,803
21565,1128,808
21570,1121,805
21575,1122,812
21580,1117,805
21585,1118,810
21590,1115,815
21595,1114,811
21600,1107,813
21605,1110,817
21610,1096,817
21615,1085,822
21620,1103,821
21625,1098,821
21630,1092,819
21635,1093,821
21640,1096,828
21645,1092,822
21650,1083,824
21655,1083,828
21660,1078,829
21665,1072,826
21670,1094,827
21675,1081,828
21680,1070,823
21685,1070,828
21690,1075,830
21695,1066,829
21700,1062,828
21705,1072,828
21710,1066,828
21715,1053,825
21720,1056,826
21725,1050,826
21730,1042,826
21735,1037,826
21740,1034,832
21745,1031,820
21750,1024,827
21755,1024,823
21760,1024,825
21765,1019,828
21770,1012,827
21775,1006,825
21780,990,828
21785,997,831
21790,985,827
21795,983,825
21800,971,827
21805,962,819
21810,957,824
21815,953,823
21820,950,822
21825,933,819
21830,930,824
21835,918,821
21840,911,816
21845,912,821
21850,896,817
21855,894,813
21860,887,820
21865,881,817
21870,864,811
21875,864,816
21880,858,819
21885,841,819
21890,833,819
21895,827,818
21900,830,816
21905,815,811
21910,814,815
21915,799,816
21920,799,817
21925,797,816
21930,788,814
21935,782,814
21940,777,814
21945,770,811
21950,776,810
21955,758,813
21960,760,811
21965,758,810
21970,758,810
21975,758,813
21980,749,809
21985,756,804
21990,760,815
21995,750,811
22000,750,808
22005,743,812
22010,739,808
22015,749,808
22020,753,806
22025,760,809
22030,752,809
22035,761,805
22040,772,809
22045,770,802
22050,771,800
22055,786,800
22060,787,802
22065,792,800
22070,806,804
22075,813,798
22080,818,793
22085,817,797
22090,831,797
22095,836,793
22100,854,792
22105,866,800
22110,865,792
22115,866,795
22120,892,786
22125,897,793
22130,920,793
22135,917,782
22140,920,785
22145,934,783
22150,951,785
22155,949,780
22160,972,784
22165,978,784
22170,985,777
22175,994,781
22180,1005,777
22185,1029,779
22190,1023,776
22195,1042,775
22200,1050,775
22205,1063,766
22210,1064,767
22215,1076,772
22220,1087,767
22225,1092,769
22230,1105,763
22235,1114,764
22240,1109,762
22245,1122,761
22250,1130,764
22255,1136,762
22260,1150,761
22265,1148,764
22270,1166,765
22275,1158,756
22280,1160,756
22285,1170,759
22290,1175,763
22295,1170,757
22300,1183,759
22305,1183,758
22310,1178,766
22315,1180,764
22320,1185,756
22325,1197,765
22330,1192,761
22335,1196,770
22340,1177,767
22345,1188,762
22350,1183,768
22355,1187,767
22360,1187,769
22365,1185,768
22370,1186,770
22375,1180,768
22380,1177,770
22385,1177,772
22390,1176,778
22395,1165,776
22400,1168,779
22405,1171,781
22410,1174,774
22415,1157,776
22420,1169,780
22425,1153,785
22430,1152,789
22435,1157,788
22440,1144,787
22445,1150,788
22450,1151,796
22455,1141,793
22460,1141,799
22465,1136,798
22470,1136,795
22475,1133,800
22480,1126,809
22485,1133,803
22490,1128,809
22495,1123,804
22500,1113,811
22505,1109,808
22510,1113,818
22515,1097,811
22520,1107,809
22525,1109,812
22530,1096,812
22535,1104,817
22540,1097,817
22545,1085,817
22550,1102,822
22555,1100,818
22560,1098,817
22565,1092,826
22570,1093,822
22575,1080,822
22580,1086,822
22585,1077,828
22590,1081,829
22595,1085,825
22600,1075,826
22605,1075,830
22610,1069,827
22615,1074,821
22620,1082,831
22625,1061,830
22630,1062,826
22635,1061,838
22640,1058,826
22645,1056,829
22650,1054,824
22655,1041,829
22660,1039,830
22665,1032,830
22670,1031,829
22675,1028,823
22680,1026,830
22685,1015,823
22690,1017,828
22695,1006,827
22700,1007,825
22705,1000,822
22710,987,824
22715,979,821
22720,977,825
22725,969,824
22730,956,818
22735,965,824
22740,945,829
22745,943,822
22750,936,822
22755,927,824
22760,923,820
22765,927,817
22770,909,822
22775,901,819
22780,899,822
22785,896,816
22790,864,812
22795,870,821
22800,861,815
22805,850,813
22810,846,815
22815,830,817
22820,827,811
22825,834,816
22830,820,805
22835,809,813
22840,800,814
22845,798,818
22850,799,810
22855,790,816
22860,784,815
22865,775,813
22870,777,808
22875,771,814
22880,757,814
22885,764,815
22890,753,807
22895,754,810
22900,752,811
22905,758,816
22910,743,811
22915,750,808
22920,740,814
22925,749,816
22930,748,809
22935,739,808
22940,759,808
22945,757,807
22950,765,806
22955,755,806
22960,761,801
22965,763,805
22970,774,800
22975,767,798
22980,781,807
22985,790,801
22990,791,802
22995,801,804
23000,806,803
23005,813,799
23010,821,797
23015,834,797
23020,840,795
23025,850,796
23030,856,793
23035,872,793
23040,881,791
23045,883,786
23050,891,793
23055,903,789
23060,916,790
23065,927,789
23070,939,787
23075,949,787
23080,952,784
23085,961,787
23090,981,778
23095,994,779
23100,1005,775
23105,1012,780
23110,1009,775
23115,1026,774
23120,1038,769
23125,1053,770
23130,1052,777
23135,1070,772
23140,1076,767
23145,1087,768
23150,1091,766
23155,1094,766
23160,1111,770
23165,1114,767
23170,1124,758
23175,1141,758
23180,1140,764
23185,1139,764
23190,1142,760
23195,1151,761
23200,1159,760
23205,1164,757
23210,1169,762
23215,1165,757
23220,1172,761
23225,1180,759
23230,1178,758
23235,1187,763
23240,1176,765
23245,1188,760
23250,1178,757
23255,1188,762
23260,1185,763
23265,1181,768
23270,1190,766
23275,1194,769
23280,1185,772
23285,1192,767
23290,1177,770
23295,1183,768
23300,1189,770
23305,1178,777
23310,1174,774
23315,1176,776
23320,1174,776
23325,1172,776
23330,1175,781
23335,1165,777
23340,1158,779
23345,1161,783
23350,1162,781
23355,1155,787
23360,1158,786
23365,1152,787
23370,1154,794
23375,1152,792
23380,1141,796
23385,1140,788
23390,1140,797
23395,1138,800
23400,1126,800
23405,1125,803
23410,1129,802
23415,1121,809
23420,1124,807
23425,1127,808
23430,1105,812
23435,1116,817
23440,1107,813
23445,1105,812
23450,1109,813
23455,1104,815
23460,1084,821
23465,1110,820
23470,1100,818
23475,1095,819
23480,1088,819
23485,1094,821
23490,1088,819
23495,1089,824
23500,1085,825
23505,1087,825
23510,1090,825
23515,1084,827
23520,1075,826
23525,1075,826
23530,1074,828
23535,1073,824
23540,1072,826
23545,1069,827
23550,1063,830
23555,1051,830
23560,1056,827
23565,1049,826
23570,1051,830
23575,1052,832
23580,1048,822
23585,1033,822
23590,1044,829
23595,1033,831
23600,1033,831
23605,1019,831
23610,1023,830
23615,1018,828
23620,1002,825
23625,1006,819
23630,1001,821
23635,1000,822
23640,986,829
23645,975,823
23650,968,825
23655,963,825
23660,958,820
23665,952,826
23670,951,826
23675,939,822
23680,939,816
23685,920,821
23690,909,818
23695,908,822
23700,898,820
23705,893,820
23710,887,822
23715,880,820
23720,872,816
23725,865,822
23730,850,815
23735,845,814
23740,846,817
23745,834,817
23750,829,817
23755,811,815
23760,808,811
23765,805,815
23770,796,816
23775,788,817
23780,785,816
23785,791,811
23790,770,812
23795,771,810
23800,767,813
23805,771,812
23810,757,812
23815,762,814
23820,747,809
23825,751,809
23830,757,813
23835,739,818
23840,751,813
23845,742,810
23850,743,804
23855,748,812
23860,750,804
23865,752,810
23870,746,806
23875,760,811
23880,750,814
23885,763,807
23890,761,803
23895,783,805
23900,781,802
23905,778,800
23910,783,804
23915,792,800
23920,792,801
23925,810,801
23930,814,802
23935,824,796
23940,824,792
23945,834,794
23950,850,795
23955,860,795
23960,861,790
23965,878,794
23970,892,791
23975,894,786
23980,916,782
23985,914,783
23990,915,786
23995,925,788
24000,942,782
24005,957,784
24010,971,782
24015,973,774
24020,995,779
24025,999,773
24030,1005,778
24035,1015,776
24040,1034,776
24045,1042,774
24050,1040,772
24055,1057,773
24060,1053,763
24065,1078,771
24070,1078,768
24075,1085,768
24080,1102,764
24085,1115,759
24090,1119,763
24095,1120,761
24100,1128,761
24105,1136,759
24110,1141,765
24115,1151,763
24120,1158,760
24125,1158,760
24130,1151,764
24135,1163,758
24140,1166,764
24145,1171,758
24150,1180,756
24155,1178,759
24160,1179,763
24165,1190,760
24170,1179,765
24175,1192,759
24180,1180,764
24185,1183,765
24190,1191,761
24195,1195,764
24200,1182,764
24205,1190,768
24210,1182,764
24215,1180,769
24220,1175,766
24225,1185,765
24230,1180,772
24235,1177,776
24240,1175,773
24245,1175,780
24250,1175,774
24255,1181,784
24260,1168,782
24265,1164,783
24270,1159,786
24275,1149,784
24280,1158,780
24285,1158,791
24290,1152,788
24295,1142,791
24300,1141,798
24305,1139,796
24310,1144,800
24315,1129,797
24320,1121,800
24325,1128,801
24330,1133,803
24335,1127,808
24340,1122,807
24345,1117,806
24350,1113,808
24355,1117,815
24360,1105,811
24365,1101,809
24370,1104,813
24375,1104,814
24380,1097,820
24385,1106,823
24390,1094,814
24395,1108,818
24400,1092,822
24405,1091,823
24410,1098,823
24415,1082,828
24420,1084,829
24425,1080,826
24430,1090,824
24435,1082,825
24440,1077,826
24445,1070,826
24450,1077,828
24455,1080,828
24460,1081,828
24465,1079,827
24470,1072,831
24475,1062,831
24480,1060,825
24485,1066,827
24490,1057,829
24495,1050,827
24500,1048,822
24505,1037,824
24510,1042,827
24515,1026,827
24520,1036,825
24525,1036,826
24530,1025,827
24535,1025,828
24540,1009,828
24545,1008,828
24550,997,822
24555,988,825
24560,988,826
24565,986,826
24570,987,827
24575,967,817
24580,968,827
24585,961,820
24590,947,827
24595,945,824
24600,941,824
24605,934,822
24610,928,816
24615,924,824
24620,899,821
24625,904,820
24630,893,818
24635,880,814
24640,876,815
24645,861,818
24650,863,818
24655,852,812
24660,845,815
24665,837,818
24670,825,818
24675,827,819
24680,818,814
24685,816,819
24690,808,814
24695,798,816
24700,802,808
24705,785,809
24710,778,815
24715,781,817
24720,770,815
24725,757,815
24730,763,814
24735,756,818
24740,759,814
24745,748,812
24750,747,815
24755,747,810
24760,747,809
24765,750,804
24770,749,811
24775,747,817
24780,743,806
24785,754,809
24790,757,808
24795,763,803
24800,758,812
24805,760,802
24810,764,802
24815,764,806
24820,770,807
24825,771,804
24830,793,801
24835,776,804
24840,797,807
24845,798,796
24850,812,804
24855,816,802
24860,822,800
24865,829,797
24870,838,793
24875,849,795
24880,860,797
24885,864,786
24890,880,792
24895,887,792
24900,893,787
24905,905,787
24910,915,790
24915,922,783
24920,935,790
24925,952,781
24930,953,780
24935,963,783
24940,983,778
24945,998,772
24950,1006,777
24955,1006,777
24960,1012,774
24965,1032,774
24970,1036,777
24975,1046,773
24980,1063,772
24985,1063,769
24990,1069,767
24995,1093,767
25000,1087,768
25005,1107,763
25010,1107,767
25015,1120,764
25020,1126,761
25025,1130,761
25030,1143,759
25035,1144,762
25040,1163,763
25045,1149,759
25050,1159,760
25055,1164,760
25060,1161,762
25065,1164,759
25070,1178,762
25075,1179,760
25080,1173,762
25085,1190,767
25090,1185,758
25095,1194,762
25100,1181,765
25105,1185,759
25110,1189,760
25115,1181,766
25120,1185,761
25125,1196,764
25130,1187,766
25135,1187,765
25140,1183,766
25145,1187,772
25150,1175,774
25155,1176,772
25160,1172,768
25165,1172,770
25170,1170,772
25175,1173,778
25180,1165,777
25185,1168,782
25190,1154,778
25195,1162,779
25200,1150,788
25205,1162,779
25210,1150,787
25215,1147,785
25220,1144,792
25225,1148,790
25230,1138,792
25235,1144,793
25240,1131,797
25245,1125,800
25250,1127,800
25255,1131,799
25260,1130,799
25265,1122,809
25270,1117,809
25275,1120,808
25280,1116,810
25285,1114,810
25290,1116,816
25295,1113,812
25300,1108,822
25305,1109,821
25310,1102,821
25315,1110,815
25320,1096,818
25325,1091,823
25330,1085,819
25335,1088,824
25340,1086,828
25345,1090,829
25350,1087,826
25355,1095,826
25360,1090,828
25365,1074,830
25370,1078,825
25375,1078,821
25380,1074,829
25385,1069,827
25390,1078,824
25395,1071,828
25400,1065,833
25405,1065,833
25410,1052,831
25415,1057,832
25420,1060,825
25425,1045,826
25430,1045,828
25435,1042,828
25440,1033,822
25445,1041,823
25450,1027,825
25455,1024,830
25460,1022,828
25465,1020,828
25470,1008,831
25475,1006,831
25480,1002,830
25485,988,827
25490,985,826
25495,983,823
25500,968,822
25505,962,822
25510,960,823
25515,953,822
25520,930,822
25525,932,827
25530,926,828
25535,931,819
25540,913,818
25545,907,823
25550,898,816
25555,899,821
25560,880,820
25565,860,818
25570,873,823
25575,855,824
25580,850,817
25585,847,818
25590,845,818
25595,836,823
25600,828,819
25605,814,815
25610,808,812
25615,805,815
25620,810,816
25625,795,810
25630,784,815
25635,779,818
25640,765,816
25645,769,814
25650,771,812
25655,763,811
25660,755,816
25665,758,813
25670,744,816
25675,756,816
25680,749,813
25685,744,812
25690,741,810
25695,751,812
25700,752,810
25705,748,806
25710,750,810
25715,753,810
25720,759,812
25725,756,799
25730,755,808
25735,762,807
25740,770,808
25745,769,804
25750,783,807
25755,780,805
25760,800,807
25765,785,799
25770,789,805
25775,800,797
25780,813,793
25785,817,805
25790,832,798
25795,842,798
25800,842,794
25805,860,797
25810,866,791
25815,883,796
25820,883,790
25825,900,788
25830,902,784
25835,919,787
25840,934,783
25845,937,786
25850,946,782
25855,957,781
25860,968,779
25865,975,774
25870,985,776
25875,1006,777
25880,1010,771
25885,1013,779
25890,1023,773
25895,1039,773
25900,1049,775
25905,1057,772
25910,1066,768
25915,1070,766
25920,1084,769
25925,1097,765
25930,1107,767
25935,1110,761
25940,1117,765
25945,1118,763
25950,1128,762
25955,1146,764
25960,1148,763
25965,1142,764
25970,1161,757
25975,1153,758
25980,1165,760
25985,1162,761
25990,1179,760
25995,1180,761
26000,1178,764
26005,1168,762
26010,1184,762
26015,1185,761
26020,1193,760
26025,1185,762
26030,1181,760
26035,1188,761
26040,1188,761
26045,1200,769
26050,1190,769
26055,1174,769
26060,1173,763
26065,1189,773
26070,1187,763
26075,1179,771
26080,1177,769
26085,1174,772
26090,1178,777
26095,1179,774
26100,1170,777
26105,1173,778
26110,1168,783
26115,1160,784
26120,1162,789
26125,1164,784
26130,1163,786
26135,1158,790
26140,1157,790
26145,1155,798
26150,1132,792
26155,1148,796
26160,1142,792
26165,1131,801
26170,1137,797
26175,1123,799
26180,1127,800
26185,1124,806
26190,1121,804
26195,1114,804
26200,1125,803
26205,1108,814
26210,1116,811
26215,1100,817
26220,1112,817
26225,1109,814
26230,1106,820
26235,1101,814
26240,1100,823
26245,1099,813
26250,1102,820
26255,1098,818
26260,1097,822
26265,1086,825
26270,1087,823
26275,1085,827
26280,1080,826
26285,1081,825
26290,1079,825
26295,1087,829
26300,1073,831
26305,1072,827
26310,1067,827
26315,1070,826
26320,1065,830
26325,1067,827
26330,1067,825
26335,1058,830
26340,1057,826
26345,1054,828
26350,1044,827
26355,1038,828
26360,1043,831
26365,1035,825
26370,1036,829
26375,1028,829
26380,1026,828
26385,1009,830
26390,1013,821
26395,1011,821
26400,994,824
26405,1004,830
26410,998,825
26415,990,828
26420,980,826
26425,967,820
26430,968,826
26435,952,818
26440,953,827
26445,943,823
26450,942,813
26455,920,825
26460,920,821
26465,918,825
26470,909,822
26475,901,821
26480,889,822
26485,882,817
26490,874,815
26495,874,816
26500,863,817
26505,845,815
26510,846,814
26515,839,815
26520,832,816
26525,816,816
26530,819,818
26535,811,810
26540,814,818
26545,792,812
26550,797,814
26555,789,814
26560,776,809
26565,774,818
26570,776,806
26575,775,816
26580,757,808
26585,761,812
26590,757,812
26595,751,810
26600,749,811
26605,746,813
26610,747,805
26615,748,809
26620,747,815
26625,754,816
26630,746,805
26635,751,804
26640,758,810
26645,764,808
26650,755,807
26655,769,801
26660,764,807
26665,761,803
26670,778,806
26675,776,803
26680,785,802
26685,796,799
26690,796,802
26695,797,801
26700,811,797
26705,825,803
26710,825,796
26715,824,797
26720,847,795
26725,849,801
26730,857,797
26735,868,797
26740,875,794
26745,889,790
26750,902,784
26755,903,788
26760,922,786
26765,924,789
26770,937,785
26775,946,786
26780,951,783
26785,965,781
26790,974,783
26795,976,775
26800,994,775
26805,1009,770
26810,1014,778
26815,1028,776
26820,1041,770
26825,1053,770
26830,1054,772
26835,1072,770
26840,1078,767
26845,1095,769
26850,1095,770
26855,1107,766
26860,1099,767
26865,1113,757
26870,1122,762
26875,1126,758
26880,1136,764
26885,1139,762
26890,1147,764
26895,1164,758
26900,1157,759
26905,1161,759
26910,1172,766
26915,1171,759
26920,1177,764
26925,1174,761
26930,1169,764
26935,1177,761
26940,1179,759
26945,1179,759
26950,1189,759
26955,1187,762
26960,1197,756
26965,1180,763
26970,1193,760
26975,1189,762
26980,1188,762
26985,1185,766
26990,1188,765
26995,1179,776
27000,1177,774
27005,1179,776
27010,1181,779
27015,1183,772
27020,1180,775
27025,1173,775
27030,1174,782
27035,1163,780
27040,1170,788
27045,1156,785
27050,1151,784
27055,1156,789
27060,1154,786
27065,1151,784
27070,1148,790
27075,1145,794
27080,1139,799
27085,1134,795
27090,1132,796
27095,1141,802
27100,1126,799
27105,1129,806
27110,1121,805
27115,1126,803
27120,1117,813
27125,1113,815
27130,1114,806
27135,1115,814
27140,1111,817
27145,1119,811
27150,1100,807
27155,1105,816
27160,1098,814
27165,1097,820
27170,1092,822
27175,1107,824
27180,1088,821
27185,1083,823
27190,1089,823
27195,1096,821
27200,1084,830
27205,1086,825
27210,1082,824
27215,1079,825
27220,1082,829
27225,1085,826
27230,1077,831
27235,1074,827
27240,1064,830
27245,1067,832
27250,1062,831
27255,1065,836
27260,1060,829
27265,1044,835
27270,1060,831
27275,1054,827
27280,1043,832
27285,1033,827
27290,1042,827
27295,1034,831
27300,1025,828
27305,1021,826
27310,1025,829
27315,1011,835
27320,1011,827
27325,1000,826
27330,998,825
27335,989,821
27340,997,825
27345,981,825
27350,975,822
27355,966,822
27360,958,823
27365,955,826
27370,944,823
27375,930,819
27380,925,822
27385,913,826
27390,913,820
27395,905,820
27400,892,823
27405,896,822
27410,884,820
27415,880,817
27420,870,816
27425,860,817
27430,855,816
27435,845,824
27440,840,817
27445,832,816
27450,819,814
27455,817,809
27460,802,817
27465,797,814
27470,791,816
27475,794,814
27480,786,814
27485,779,813
27490,774,811
27495,777,815
27500,767,813
27505,760,808
27510,754,813
27515,764,812
27520,744,810
27525,756,811
27530,752,811
27535,745,814
27540,757,808
27545,744,805
27550,750,810
27555,751,799
27560,752,811
27565,757,807
27570,750,808
27575,759,811
27580,759,807
27585,758,806
27590,767,806
27595,773,801
27600,774,803
27605,788,802
27610,782,800
27615,799,803
27620,803,797
27625,803,796
27630,812,799
27635,835,797
27640,829,797
27645,838,795
27650,846,794
27655,855,797
27660,870,795
27665,874,793
27670,881,792
27675,903,791
27680,905,789
27685,910,788
27690,915,789
27695,943,779
27700,949,785
27705,965,783
27710,973,778
27715,973,783
27720,979,778
27725,1000,777
27730,1014,779
27735,1016,770
27740,1035,776
27745,1040,770
27750,1050,771
27755,1063,765
27760,1063,766
27765,1079,770
27770,1084,764
27775,1094,769
27780,1109,771
27785,1117,765
27790,1120,763
27795,1114,765
27800,1134,759
27805,1140,756
27810,1136,761
27815,1144,758
27820,1155,761
27825,1155,761
27830,1168,759
27835,1162,758
27840,1177,759
27845,1156,760
27850,1178,759
27855,1174,756
27860,1188,762
27865,1188,759
27870,1185,757
27875,1183,764
27880,1193,760
27885,1187,762
27890,1189,768
27895,1193,765
27900,1190,764
27905,1188,769
27910,1184,763
27915,1184,767
27920,1183,766
27925,1180,766
27930,1190,772
27935,1184,774
27940,1173,772
27945,1172,777
27950,1165,772
27955,1171,779
27960,1165,777
27965,1167,780
27970,1160,779
27975,1155,783
27980,1161,783
27985,1159,790
27990,1153,787
27995,1147,794
28000,1142,793
28005,1138,788
28010,1137,794
28015,1132,797
28020,1128,796
28025,1134,797
28030,1132,807
28035,1122,809
28040,1116,805
28045,1117,811
28050,1119,808
28055,1109,812
28060,1108,813
28065,1115,813
28070,1108,812
28075,1111,814
28080,1105,815
28085,1106,814
28090,1100,815
28095,1091,825
28100,1096,823
28105,1090,821
28110,1100,823
28115,1091,819
28120,1084,819
28125,1089,824
28130,1086,830
28135,1076,831
28140,1076,825
28145,1081,825
28150,1088,831
28155,1074,823
28160,1074,829
28165,1074,829
28170,1063,826
28175,1075,830
28180,1066,830
28185,1061,831
28190,1055,832
28195,1059,825
28200,1050,829
28205,1041,830
28210,1040,829
28215,1037,826
28220,1026,827
28225,1024,829
28230,1023,833
28235,1023,825
28240,1010,821
28245,1011,828
28250,995,828
28255,1002,830
28260,1002,823
28265,988,825
28270,977,824
28275,972,825
28280,969,825
28285,957,821
28290,958,825
28295,941,822
28300,932,821
28305,934,821
28310,923,827
28315,910,822
28320,905,824
28325,891,820
28330,891,821
28335,888,816
28340,869,823
28345,873,821
28350,853,816
28355,861,819
28360,845,811
28365,837,813
28370,823,818
28375,826,815
28380,811,810
28385,805,814
28390,810,814
28395,789,814
28400,799,814
28405,779,817
28410,779,820
28415,778,817
28420,769,815
28425,768,813
28430,764,814
28435,755,814
28440,742,812
28445,748,812
28450,756,811
28455,749,810
28460,754,812
28465,753,811
28470,745,814
28475,754,810
28480,757,806
28485,750,812
28490,746,813
28495,757,810
28500,766,810
28505,753,804
28510,769,802
28515,772,802
28520,771,805
28525,768,804
28530,781,800
28535,792,800
28540,788,801
28545,801,802
28550,809,795
28555,821,803
28560,821,804
28565,828,794
28570,837,790
28575,848,796
28580,855,796
28585,868,792
28590,878,790
28595,886,791
28600,896,791
28605,910,790
28610,923,789
28615,934,785
28620,938,786
28625,953,783
28630,949,781
28635,965,781
28640,979,781
28645,988,778
28650,994,776
28655,1012,774
28660,1021,777
28665,1028,773
28670,1043,772
28675,1047,767
28680,1062,772
28685,1059,773
28690,1075,769
28695,1091,767
28700,1100,770
28705,1092,767
28710,1108,762
28715,1118,761
28720,1129,766
28725,1134,768
28730,1136,759
28735,1153,763
28740,1153,765
28745,1154,763
28750,1157,760
28755,1158,765
28760,1169,763
28765,1165,759
28770,1171,763
28775,1174,762
28780,1188,756
28785,1185,757
28790,1184,762
28795,1190,762
28800,1190,759
28805,1191,760
28810,1188,760
28815,1193,761
28820,1186,761
28825,1190,762
28830,1191,765
28835,1189,763
28840,1179,766
28845,1173,771
28850,1182,769
28855,1188,771
28860,1184,777
28865,1180,774
28870,1170,770
28875,1167,781
28880,1170,775
28885,1172,774
28890,1164,777
28895,1166,784
28900,1159,783
28905,1153,790
28910,1148,790
28915,1155,792
28920,1146,792
28925,1146,793
28930,1132,797
28935,1136,796
28940,1130,795
28945,1130,802
28950,1132,799
28955,1128,799
28960,1117,802
28965,1124,806
28970,1123,810
28975,1121,809
28980,1112,808
28985,1112,808
28990,1113,812
28995,1101,816
29000,1099,818
29005,1119,822
29010,1099,814
29015,1102,821
29020,1106,820
29025,1103,821
29030,1096,820
29035,1089,823
29040,1096,817
29045,1092,827
29050,1093,821
29055,1092,827
29060,1085,828
29065,1080,825
29070,1088,828
29075,1084,827
29080,1088,830
29085,1073,830
29090,1081,827
29095,1073,825
29100,1067,826
29105,1062,831
29110,1061,830
29115,1056,825
29120,1054,834
29125,1038,825
29130,1040,826
29135,1044,829
29140,1034,829
29145,1035,827
29150,1024,832
29155,1021,829
29160,1015,828
29165,1016,831
29170,1005,825
29175,1012,828
29180,1001,824
29185,991,824
29190,987,826
29195,984,824
29200,968,827
29205,955,821
29210,958,824
29215,943,824
29220,949,818
29225,937,826
29230,926,824
29235,915,822
29240,916,819
29245,899,822
29250,894,820
29255,887,814
29260,880,824
29265,879,816
29270,863,819
29275,854,815
29280,851,819
29285,844,820
29290,827,823
29295,832,816
29300,819,816
29305,817,816
29310,805,818
29315,804,818
29320,805,818
29325,787,812
29330,792,813
29335,775,819
29340,772,816
29345,766,813
29350,773,816
29355,769,813
29360,764,814
29365,751,811
29370,746,809
29375,752,815
29380,745,812
29385,752,805
29390,753,808
29395,743,812
29400,751,813
29405,754,803
29410,749,809
29415,750,803
29420,755,810
29425,762,809
29430,760,801
29435,759,805
29440,763,805
29445,779,809
29450,780,805
29455,768,810
29460,790,803
29465,792,800
29470,807,802
29475,811,800
29480,811,798
29485,818,796
29490,832,797
29495,837,790
29500,845,791
29505,853,788
29510,862,794
29515,877,794
29520,884,787
29525,899,791
29530,907,789
29535,916,782
29540,928,784
29545,938,789
29550,946,777
29555,954,786
29560,961,775
29565,973,775
29570,991,774
29575,999,781
29580,1009,775
29585,1016,771
29590,1025,776
29595,1045,775
29600,1051,772
29605,1064,769
29610,1070,767
29615,1075,769
29620,1091,765
29625,1093,766
29630,1101,770
29635,1119,765
29640,1114,759
29645,1122,758
29650,1124,763
29655,1139,762
29660,1136,767
29665,1153,759
29670,1149,761
29675,1153,763
29680,1168,762
29685,1166,755
29690,1179,758
29695,1174,760
29700,1179,761
29705,1188,758
29710,1186,759
29715,1182,760
29720,1192,757
29725,1181,767
29730,1188,763
29735,1194,770
29740,1184,759
29745,1184,770
29750,1187,763
29755,1189,763
29760,1182,766
29765,1181,772
29770,1182,776
29775,1183,773
29780,1174,774
29785,1169,782
29790,1184,777
29795,1179,775
29800,1170,773
29805,1168,781
29810,1171,782
29815,1162,780
29820,1157,785
29825,1154,789
29830,1159,783
29835,1157,783
29840,1141,787
29845,1148,791
29850,1146,795
29855,1138,796
29860,1139,800
29865,1140,796
29870,1140,803
29875,1124,799
29880,1138,798
29885,1135,797
29890,1123,808
29895,1126,805
29900,1124,808
29905,1110,809
29910,1105,811
29915,1109,811
29920,1108,814
29925,1108,811
29930,1102,816
29935,1103,822
29940,1100,817
29945,1100,820
29950,1092,820
29955,1093,822
29960,1092,823
29965,1098,822
29970,1079,825
29975,1089,826
29980,1087,820
29985,1076,831
29990,1085,832
29995,1074,825
30000,1074,828
30005,1076,830
30010,1067,829
30015,1061,825
30020,1068,830
30025,1063,825
30030,1065,826
30035,1064,829
30040,1056,825
30045,1059,830
30050,1044,829
30055,1045,830
30060,1042,833
30065,1029,826
30070,1029,834
30075,1030,827
30080,1039,830
30085,1018,828
30090,1005,826
30095,1008,829
30100,1005,829
30105,997,822
30110,993,830
30115,977,824
30120,976,821
30125,973,825
30130,962,815
30135,960,825
30140,949,823
30145,946,818
30150,932,826
30155,936,818
30160,922,824
30165,919,820
30170,911,819
30175,904,824
30180,901,819
30185,888,819
30190,868,823
30195,866,815
30200,861,818
30205,850,812
30210,843,820
30215,836,813
30220,843,815
30225,820,821
30230,816,813
30235,808,816
30240,797,815
30245,797,814
30250,780,811
30255,783,818
30260,785,813
30265,774,812
30270,773,812
30275,768,812
30280,764,814
30285,755,808
30290,755,812
30295,765,815
30300,752,812
30305,750,808
30310,742,806
30315,747,813
30320,750,810
30325,754,807
30330,745,809
30335,741,806
30340,750,804
30345,756,803
30350,755,809
30355,764,801
30360,761,806
30365,768,802
30370,773,807
30375,778,804
30380,780,799
30385,785,803
30390,808,800
30395,802,798
30400,812,804
30405,815,799
30410,824,796
30415,836,791
30420,840,800
30425,849,798
30430,854,787
30435,866,791
30440,882,794
30445,883,789
30450,897,784
30455,908,792
30460,922,790
30465,930,783
30470,926,779
30475,944,789
30480,963,781
30485,976,782
30490,970,781
30495,991,776
30500,1003,778
30505,1014,777
30510,1023,778
30515,1037,771
30520,1033,768
30525,1053,774
30530,1046,772
30535,1070,770
30540,1079,769
30545,1082,766
30550,1093,770
30555,1106,763
30560,1103,764
30565,1113,765
30570,1123,766
30575,1132,764
30580,1134,758
30585,1149,763
30590,1156,761
30595,1154,761
30600,1151,762
30605,1163,759
30610,1165,757
30615,1165,760
30620,1179,765
30625,1180,761
30630,1179,764
30635,1185,764
30640,1184,760
30645,1179,765
30650,1188,763
30655,1180,764
30660,1196,762
30665,1191,762
30670,1190,761
30675,1186,761
30680,1189,767
30685,1189,764
30690,1184,768
30695,1174,765
30700,1183,770
30705,1178,772
30710,1187,773
30715,1172,779
30720,1176,778
30725,1167,782
30730,1175,776
30735,1167,785
30740,1171,779
30745,1161,784
30750,1159,784
30755,1159,789
30760,1158,790
30765,1154,795
30770,1151,791
30775,1144,800
30780,1141,795
30785,1140,789
30790,1141,790
30795,1140,796
30800,1124,798
30805,1126,802
30810,1126,805
30815,1129,807
30820,1121,804
30825,1114,808
30830,1123,814
30835,1110,818
30840,1105,811
30845,1111,816
30850,1107,813
30855,1104,818
30860,1109,814
30865,1103,820
30870,1098,820
30875,1103,815
30880,1101,819
30885,1100,823
30890,1091,825
30895,1088,823
30900,1087,826
30905,1080,826
30910,1090,827
30915,1085,823
30920,1086,830
30925,1077,831
30930,1078,829
30935,1085,829
30940,1063,828
30945,1067,829
30950,1066,828
30955,1066,828
30960,1063,829
30965,1055,821
30970,1054,831
30975,1054,828
30980,1051,828
30985,1043,830
30990,1043,831
30995,1034,829
